CONTRACT_D,PREVIOUS_S,OPEN_PRICE,HIGH_PRICE,LOW_PRICE,CLOSE_PRIC,SETTLEMENT,NET_CHANGE,OI_NO_CON,TRADED_QUA,TRD_NO_CON,TRADED_VAL
FUTSTKIDEA29-JUN-2023,7.4500000,7.4500000,7.5500000,7.2500000,7.3500000,7.3500000,-1.3400000,7005.0000000,88760000.0000000,1268.0000000,655669000.0000000
FUTSTKABFRL27-JUL-2023,204.2500000,204.8500000,204.9500000,200.3500000,201.2000000,201.2000000,-1.4900000,754.0000000,387400.0000000,149.0000000,78450190.0000000
FUTSTKBAJAJ-AUTO29-JUN-2023,4800.4500000,4801.2500000,4819.3500000,4751.1000000,4758.4500000,4758.4500000,-0.8700000,10166.0000000,505000.0000000,2020.0000000,2413231600.0000000
FUTSTKSBIN29-JUN-2023,591.3500000,590.7000000,591.3500000,579.4000000,581.8000000,581.8000000,-1.6100000,41869.0000000,25543500.0000000,17029.0000000,14910971100.0000000
FUTSTKFEDERALBNK27-JUL-2023,126.9000000,126.2500000,126.8000000,125.5500000,125.7000000,125.7000000,-0.9400000,1799.0000000,1650000.0000000,330.0000000,208012500.0000000
FUTSTKHDFCBANK29-JUN-2023,1619.0000000,1620.0000000,1624.4500000,1613.7500000,1617.4500000,1617.4500000,-0.0900000,144056.0000000,11308550.0000000,20561.0000000,18324342712.5000000
FUTSTKGODREJCP29-JUN-2023,1061.0500000,1058.2000000,1063.0500000,1032.7500000,1040.4500000,1040.4500000,-1.9400000,5938.0000000,1423000.0000000,1423.0000000,1488758050.0000000
FUTSTKABBOTINDIA29-JUN-2023,21722.4000000,21731.9500000,21917.3000000,21519.1500000,21837.8000000,21837.8000000,0.5300000,1633.0000000,16000.0000000,400.0000000,347865434.0000000
FUTSTKIPCALAB29-JUN-2023,739.3500000,736.0500000,742.9000000,730.0000000,731.4500000,731.4500000,-1.0600000,5060.0000000,739050.0000000,1137.0000000,543180495.0000000
FUTSTKBEL29-JUN-2023,117.9000000,118.2000000,121.9500000,117.1000000,120.8000000,120.8000000,2.4500000,12915.0000000,32039700.0000000,5621.0000000,3846531000.0000000
FUTSTKNESTLEIND27-JUL-2023,22405.0500000,22450.0000000,22490.0000000,22294.5500000,22327.0000000,22327.0000000,-0.3400000,145.0000000,1320.0000000,33.0000000,29495086.0000000
FUTSTKL&TFH27-JUL-2023,105.1500000,104.8500000,106.3500000,104.4000000,105.0500000,105.0500000,-0.0900000,486.0000000,1775876.0000000,199.0000000,187044809.0000000
FUTSTKPFC29-JUN-2023,197.5000000,198.6500000,200.1000000,196.2500000,199.8000000,199.8000000,1.1600000,10188.0000000,17329000.0000000,2795.0000000,3445471750.0000000
FUTSTKPFC27-JUL-2023,198.3500000,198.1000000,200.6000000,197.3000000,200.4500000,200.4500000,1.0500000,255.0000000,1258600.0000000,203.0000000,251290650.0000000
FUTSTKTATASTEEL29-JUN-2023,111.8000000,112.2000000,112.2500000,109.0500000,109.3000000,109.3000000,-2.2300000,41783.0000000,46216500.0000000,8403.0000000,5082488675.0000000
FUTSTKBERGEPAINT27-JUL-2023,645.3500000,653.0000000,661.2000000,643.3000000,643.7000000,643.7000000,-0.2500000,680.0000000,145200.0000000,132.0000000,94543405.0000000
FUTSTKZYDUSLIFE29-JUN-2023,514.7000000,516.0000000,518.0500000,508.5500000,509.8500000,509.8500000,-0.9400000,3783.0000000,1186200.0000000,659.0000000,607642380.0000000
FUTSTKABCAPITAL29-JUN-2023,172.5500000,172.5500000,176.2500000,172.1500000,174.9500000,174.9500000,1.3900000,5277.0000000,8289000.0000000,1535.0000000,1447959240.0000000
FUTSTKADANIPORTS29-JUN-2023,741.0500000,741.0500000,745.6500000,734.8500000,737.8000000,737.8000000,-0.4300000,53709.0000000,2491875.0000000,3987.0000000,1843872625.0000000
FUTSTKEXIDEIND31-AUG-2023,213.0000000,210.5500000,211.2000000,207.5000000,207.6500000,207.6500000,-2.5100000,28.0000000,57600.0000000,16.0000000,12069000.0000000
FUTSTKTORNTPHARM31-AUG-2023,1827.7500000,0.0000000,0.0000000,0.0000000,,1835.7500000,0.4300000,2.0000000,0.0000000,0.0000000,0.0000000
FUTSTKGMRINFRA29-JUN-2023,42.2500000,42.2500000,42.6500000,41.9500000,42.4000000,42.4000000,0.3500000,5968.0000000,17572500.0000000,781.0000000,744170625.0000000
FUTSTKGRANULES27-JUL-2023,282.8500000,282.5000000,284.0000000,279.0000000,279.8000000,279.8000000,-1.0700000,169.0000000,100000.0000000,50.0000000,28181700.0000000
FUTSTKIEX27-JUL-2023,138.1500000,132.0000000,132.0000000,117.4500000,124.0500000,124.0500000,-10.2000000,2541.0000000,18465000.0000000,4924.0000000,2288643000.0000000
FUTSTKZYDUSLIFE27-JUL-2023,517.9500000,520.0000000,520.2500000,512.5000000,513.0500000,513.0500000,-0.9400000,115.0000000,30600.0000000,17.0000000,15781770.0000000
FUTSTKSAIL29-JUN-2023,84.5500000,84.4000000,84.4000000,82.6000000,83.0500000,83.0500000,-1.7700000,12769.0000000,31376000.0000000,3922.0000000,2611415200.0000000
FUTSTKHDFC27-JUL-2023,2683.8000000,2681.3500000,2692.7000000,2675.8500000,2680.6000000,2680.6000000,-0.1100000,6006.0000000,352800.0000000,1176.0000000,948005340.0000000
FUTSTKIBULHSGFIN27-JUL-2023,113.1500000,112.1500000,112.1500000,110.8500000,111.2000000,111.2000000,-1.7200000,573.0000000,45900.0000000,9.0000000,5111730.0000000
FUTSTKGUJGASLTD29-JUN-2023,480.8000000,480.5500000,487.6500000,477.8000000,482.2000000,482.2000000,0.2900000,4330.0000000,1571250.0000000,1257.0000000,759303437.5000000
FUTSTKHINDCOPPER27-JUL-2023,114.5000000,114.2000000,114.6500000,113.5500000,113.7500000,113.7500000,-0.6500000,157.0000000,111300.0000000,21.0000000,12699065.0000000
FUTSTKLTIM27-JUL-2023,4810.6500000,4805.4000000,4837.4000000,4783.0500000,4823.4000000,4823.4000000,0.2600000,1457.0000000,9900.0000000,66.0000000,47684370.0000000
FUTSTKAPOLLOTYRE31-AUG-2023,395.2000000,400.0000000,402.5000000,400.0000000,402.3000000,402.3000000,1.7900000,22.0000000,28900.0000000,17.0000000,11603690.0000000
FUTSTKHINDPETRO27-JUL-2023,268.6500000,270.9000000,271.0500000,264.6000000,265.2000000,265.2000000,-1.2800000,258.0000000,340200.0000000,126.0000000,90966105.0000000
FUTSTKSYNGENE27-JUL-2023,730.0000000,740.0000000,742.6500000,734.0000000,734.7500000,734.7500000,0.6500000,48.0000000,9000.0000000,9.0000000,6646500.0000000
FUTSTKADANIENT27-JUL-2023,2463.6500000,2472.7500000,2490.0000000,2455.5000000,2479.8000000,2479.8000000,0.6500000,1051.0000000,101100.0000000,337.0000000,250310235.0000000
FUTSTKASHOKLEY29-JUN-2023,153.4000000,153.5500000,154.5000000,152.4000000,152.7500000,152.7500000,-0.4200000,11949.0000000,7730000.0000000,1546.0000000,1185272000.0000000
FUTSTKHAVELLS29-JUN-2023,1359.2500000,1357.0500000,1368.5500000,1347.1000000,1349.3000000,1349.3000000,-0.7300000,11041.0000000,732000.0000000,1464.0000000,991917650.0000000
FUTSTKCUMMINSIND29-JUN-2023,1776.2000000,1775.9000000,1796.9500000,1774.2000000,1792.1500000,1792.1500000,0.8900000,4187.0000000,795600.0000000,1326.0000000,1423500930.0000000
FUTSTKRBLBANK27-JUL-2023,174.3500000,174.6000000,181.0000000,174.6000000,176.0000000,176.0000000,0.9400000,320.0000000,735000.0000000,147.0000000,130893500.0000000
FUTSTKUBL29-JUN-2023,1484.6000000,1487.8000000,1494.9500000,1476.2500000,1480.8500000,1480.8500000,-0.2500000,5602.0000000,412000.0000000,1030.0000000,611836800.0000000
FUTSTKCOROMANDEL29-JUN-2023,954.2000000,955.3500000,955.3500000,927.8500000,932.0500000,932.0500000,-2.3200000,1782.0000000,768600.0000000,1098.0000000,721909475.0000000
FUTSTKIOC29-JUN-2023,90.6000000,90.6000000,92.0500000,90.3500000,90.5500000,90.5500000,-0.0500000,5682.0000000,11475750.0000000,1177.0000000,1046042887.5000000
FUTSTKJINDALSTEL31-AUG-2023,539.0000000,531.0000000,535.0000000,531.0000000,533.5000000,533.5000000,-1.0200000,24.0000000,11250.0000000,9.0000000,5994625.0000000
FUTSTKTCS29-JUN-2023,3229.5500000,3230.0000000,3238.9000000,3197.0500000,3201.9000000,3201.9000000,-0.8500000,74602.0000000,1389150.0000000,7938.0000000,4463450337.5000000
FUTSTKGAIL27-JUL-2023,106.0500000,106.4000000,107.1500000,105.5500000,106.1500000,106.1500000,0.0900000,343.0000000,1162050.0000000,127.0000000,123572580.0000000
FUTSTKPIDILITIND29-JUN-2023,2641.9000000,2644.1500000,2658.0000000,2622.8000000,2628.9000000,2628.9000000,-0.4900000,8398.0000000,232250.0000000,929.0000000,612395362.5000000
FUTSTKPOLYCAB29-JUN-2023,3514.0000000,3514.0000000,3559.8500000,3514.0000000,3546.6500000,3546.6500000,0.9200000,5796.0000000,501000.0000000,1670.0000000,1775450010.0000000
FUTSTKPFC31-AUG-2023,198.8000000,198.8000000,200.5000000,198.5000000,200.1500000,200.1500000,0.6700000,81.0000000,272800.0000000,44.0000000,54459250.0000000
FUTSTKTVSMOTOR31-AUG-2023,1348.1500000,1335.8500000,1335.8500000,1330.0000000,1330.0000000,1330.0000000,-1.3400000,32.0000000,4200.0000000,6.0000000,5604235.0000000
FUTSTKIGL31-AUG-2023,470.0000000,470.0000000,470.0000000,470.0000000,470.0000000,470.7000000,0.1400000,57.0000000,1375.0000000,1.0000000,646250.0000000
FUTSTKLTTS27-JUL-2023,3786.3500000,3790.0500000,3812.2000000,3752.6500000,3777.6000000,3777.6000000,-0.2300000,558.0000000,19000.0000000,95.0000000,71784020.0000000
FUTSTKIDFCFIRSTB29-JUN-2023,71.9000000,72.3000000,72.5500000,71.2500000,71.4500000,71.4500000,-0.6200000,14577.0000000,43545000.0000000,2903.0000000,3128184750.0000000
FUTSTKBATAINDIA31-AUG-2023,1598.0500000,0.0000000,0.0000000,0.0000000,,1601.1500000,0.1900000,60.0000000,0.0000000,0.0000000,0.0000000
FUTSTKSRF29-JUN-2023,2521.7500000,2529.5500000,2529.6500000,2429.0000000,2435.4000000,2435.4000000,-3.4200000,7889.0000000,1281000.0000000,3416.0000000,3171672300.0000000
FUTSTKZEEL29-JUN-2023,197.1500000,198.3500000,199.6500000,194.1000000,194.6500000,194.6500000,-1.2600000,30985.0000000,7869000.0000000,2623.0000000,1544903550.0000000
FUTSTKSUNTV29-JUN-2023,450.0000000,449.4500000,452.9500000,443.6500000,444.8000000,444.8000000,-1.1500000,5761.0000000,1500000.0000000,1000.0000000,671700975.0000000
FUTSTKDALBHARAT29-JUN-2023,2129.2500000,2125.6500000,2161.0000000,2100.0000000,2109.9000000,2109.9000000,-0.9000000,3863.0000000,480000.0000000,960.0000000,1022549500.0000000
FUTSTKHINDPETRO29-JUN-2023,266.7000000,268.6500000,270.3500000,262.6500000,263.5000000,263.5000000,-1.1900000,7635.0000000,4473900.0000000,1657.0000000,1187779410.0000000
FUTSTKICICIGI31-AUG-2023,1273.5500000,1242.1000000,1242.1000000,1230.9500000,1230.9500000,1235.5500000,-2.9800000,28.0000000,1500.0000000,3.0000000,1857300.0000000
FUTSTKMGL27-JUL-2023,1035.6000000,1032.9000000,1032.9000000,1032.0500000,1032.2000000,1032.2000000,-0.3200000,64.0000000,4800.0000000,6.0000000,4954560.0000000
FUTSTKBHARTIARTL29-JUN-2023,839.8000000,838.1000000,841.0000000,832.0500000,836.4000000,836.4000000,-0.4000000,42176.0000000,3218600.0000000,3388.0000000,2690714307.5000000
FUTSTKMUTHOOTFIN27-JUL-2023,1133.9500000,1134.6000000,1140.1000000,1120.0000000,1120.0000000,1127.4500000,-0.5700000,194.0000000,12650.0000000,23.0000000,14332037.5000000
FUTSTKSHRIRAMFIN29-JUN-2023,1400.5000000,1410.6500000,1425.8000000,1400.0000000,1402.6000000,1402.6000000,0.1400000,7454.0000000,751800.0000000,1253.0000000,1061716200.0000000
FUTSTKPOLYCAB27-JUL-2023,3521.3500000,3524.9500000,3565.0000000,3524.9500000,3556.2500000,3556.2500000,0.9900000,132.0000000,17400.0000000,58.0000000,61767795.0000000
FUTSTKNAVINFLUOR29-JUN-2023,4593.9000000,4595.3500000,4615.0000000,4453.6500000,4468.9000000,4468.9000000,-2.7200000,4388.0000000,332100.0000000,2214.0000000,1499273925.0000000
FUTSTKNMDC29-JUN-2023,109.2500000,109.2000000,109.2000000,107.0000000,107.8000000,107.8000000,-1.3200000,12295.0000000,10395000.0000000,2310.0000000,1120374450.0000000
FUTSTKJINDALSTEL27-JUL-2023,537.0500000,534.2000000,535.7000000,527.3000000,529.9000000,529.9000000,-1.3300000,353.0000000,411250.0000000,329.0000000,218535687.5000000
FUTSTKTATASTEEL27-JUL-2023,112.5000000,112.5500000,112.5500000,109.8000000,110.0000000,110.0000000,-2.2200000,1810.0000000,4675000.0000000,850.0000000,517422675.0000000
FUTSTKDIXON27-JUL-2023,4060.7500000,4066.9500000,4105.1000000,4028.1500000,4053.2000000,4053.2000000,-0.1800000,221.0000000,36800.0000000,184.0000000,149374580.0000000
FUTSTKGRASIM27-JUL-2023,1733.4000000,1736.6500000,1752.9000000,1733.0000000,1734.7500000,1734.7500000,0.0700000,144.0000000,24225.0000000,51.0000000,42186341.2500000
FUTSTKLTIM29-JUN-2023,4813.6500000,4812.3000000,4843.7500000,4780.0500000,4824.7500000,4824.7500000,0.2300000,10076.0000000,197400.0000000,1316.0000000,951816247.5000000
FUTSTKIPCALAB31-AUG-2023,746.0000000,0.0000000,0.0000000,0.0000000,,739.9500000,-0.8100000,28.0000000,0.0000000,0.0000000,0.0000000
FUTSTKSBICARD29-JUN-2023,914.6000000,913.2000000,925.5000000,913.2000000,922.9000000,922.9000000,0.9000000,10173.0000000,891200.0000000,1114.0000000,820469360.0000000
FUTSTKGAIL29-JUN-2023,105.4000000,105.6000000,106.6000000,104.9000000,105.4500000,105.4500000,0.0400000,7151.0000000,11053200.0000000,1208.0000000,1168514932.5000000
FUTSTKSAIL27-JUL-2023,85.0500000,84.6500000,84.6500000,83.1000000,83.5500000,83.5500000,-1.7600000,776.0000000,2760000.0000000,345.0000000,230938800.0000000
FUTSTKTATACHEM29-JUN-2023,986.8000000,989.0000000,989.2500000,960.0500000,965.1000000,965.1000000,-2.1900000,14169.0000000,2545500.0000000,5091.0000000,2470682200.0000000
FUTSTKINDUSTOWER27-JUL-2023,159.3500000,160.6500000,163.0500000,157.5000000,158.9500000,158.9500000,-0.2500000,546.0000000,775200.0000000,228.0000000,123997320.0000000
FUTSTKTATACOMM31-AUG-2023,1412.0000000,1432.3000000,1472.0000000,1432.3000000,1472.0000000,1472.0000000,4.2400000,43.0000000,7000.0000000,14.0000000,10206150.0000000
FUTSTKULTRACEMCO29-JUN-2023,8123.4500000,8164.6000000,8234.4500000,8126.6000000,8173.2500000,8173.2500000,0.6100000,18866.0000000,396900.0000000,3969.0000000,3247284995.0000000
FUTSTKTRENT29-JUN-2023,1593.3000000,1595.9000000,1624.1000000,1595.9000000,1607.8500000,1607.8500000,0.9100000,8322.0000000,483600.0000000,1209.0000000,779897400.0000000
FUTSTKDALBHARAT27-JUL-2023,2148.8500000,2146.8000000,2162.7000000,2120.0000000,2122.1000000,2122.1000000,-1.2400000,40.0000000,16000.0000000,32.0000000,34226150.0000000
FUTSTKAARTIIND27-JUL-2023,519.2000000,519.7000000,520.3000000,510.5000000,511.3500000,511.3500000,-1.5100000,301.0000000,105000.0000000,105.0000000,54060050.0000000
FUTSTKOFSS27-JUL-2023,3574.6000000,3567.0500000,3598.7500000,3564.7500000,3565.1500000,3574.6500000,0.0000000,50.0000000,1800.0000000,9.0000000,6439280.0000000
FUTSTKFEDERALBNK31-AUG-2023,128.2000000,127.0000000,127.4500000,126.3500000,126.4500000,126.4500000,-1.3600000,104.0000000,140000.0000000,28.0000000,17742000.0000000
FUTSTKMARUTI27-JUL-2023,9738.3000000,9768.6500000,9768.6500000,9722.5000000,9735.7000000,9735.7000000,-0.0200000,518.0000000,7500.0000000,75.0000000,73085705.0000000
FUTSTKGAIL31-AUG-2023,106.6000000,107.1500000,107.1500000,106.7000000,106.7000000,106.7000000,0.0900000,51.0000000,18300.0000000,2.0000000,1956727.5000000
FUTSTKIDEA27-JUL-2023,7.5000000,7.5000000,7.6000000,7.3000000,7.4500000,7.4500000,-0.6600000,772.0000000,10640000.0000000,133.0000000,79264000.0000000
FUTSTKIOC27-JUL-2023,91.2000000,91.5000000,92.5000000,91.1000000,91.1500000,91.1500000,-0.0500000,243.0000000,682500.0000000,70.0000000,62607187.5000000
FUTSTKHDFCLIFE29-JUN-2023,593.9500000,590.0000000,593.9000000,578.3000000,582.8500000,582.8500000,-1.8600000,16528.0000000,3044800.0000000,2768.0000000,1780628685.0000000
FUTSTKZEEL27-JUL-2023,198.6000000,199.9000000,201.0000000,195.8000000,196.0500000,196.0500000,-1.2800000,893.0000000,651000.0000000,217.0000000,128898600.0000000
FUTSTKTATAMOTORS31-AUG-2023,567.6500000,571.6000000,573.0000000,567.3000000,569.1000000,569.1000000,0.2500000,259.0000000,49875.0000000,35.0000000,28428750.0000000
FUTSTKHAVELLS27-JUL-2023,1367.6000000,1368.3500000,1376.2500000,1356.9500000,1357.3000000,1357.3000000,-0.7500000,139.0000000,25500.0000000,51.0000000,34855200.0000000
FUTSTKADANIPORTS31-AUG-2023,747.2000000,748.9000000,748.9000000,741.0000000,742.5000000,742.5000000,-0.6200000,91.0000000,20800.0000000,26.0000000,15494640.0000000
FUTSTKCOFORGE31-AUG-2023,4458.7000000,4453.8000000,4453.8000000,4453.8000000,4453.8000000,4480.5000000,0.4800000,28.0000000,300.0000000,2.0000000,1336140.0000000
FUTSTKTATACHEM27-JUL-2023,991.5000000,994.2000000,994.2500000,964.2000000,969.5000000,969.5000000,-2.2100000,835.0000000,210100.0000000,382.0000000,204848407.5000000
FUTSTKBRITANNIA27-JUL-2023,4908.0000000,4950.0000000,5001.3000000,4883.9000000,4909.1500000,4909.1500000,0.0200000,158.0000000,36600.0000000,183.0000000,181317990.0000000
FUTSTKABFRL29-JUN-2023,202.5500000,202.2500000,203.3500000,198.9000000,199.7500000,199.7500000,-1.3800000,10245.0000000,3585400.0000000,1379.0000000,720455060.0000000
FUTSTKINFY27-JUL-2023,1298.2000000,1295.8500000,1296.0500000,1275.2500000,1277.9500000,1277.9500000,-1.5500000,6872.0000000,889600.0000000,2224.0000000,1140429080.0000000
FUTSTKACC29-JUN-2023,1839.4000000,1840.6500000,1853.7500000,1831.8500000,1841.2500000,1841.2500000,0.1000000,19374.0000000,905000.0000000,3620.0000000,1668569375.0000000
FUTSTKIBULHSGFIN29-JUN-2023,112.0500000,112.3000000,112.8500000,109.8000000,110.2000000,110.2000000,-1.6500000,12968.0000000,636000.0000000,159.0000000,70459800.0000000
FUTSTKLALPATHLAB27-JUL-2023,2011.3000000,2003.0000000,2016.4000000,1949.2000000,1959.2500000,1959.2500000,-2.5800000,99.0000000,18000.0000000,60.0000000,35625360.0000000
FUTSTKADANIENT29-JUN-2023,2442.7000000,2453.1000000,2475.1500000,2437.9500000,2464.1500000,2464.1500000,0.8700000,39831.0000000,1779250.0000000,7117.0000000,4377192725.0000000
FUTSTKLTTS29-JUN-2023,3807.0000000,3824.5500000,3836.9500000,3770.6500000,3803.7000000,3803.7000000,-0.0800000,5327.0000000,246000.0000000,1230.0000000,935976470.0000000
FUTSTKBALRAMCHIN27-JUL-2023,399.9500000,405.8500000,417.4000000,405.5000000,409.8000000,409.8000000,2.4600000,525.0000000,510400.0000000,319.0000000,210453680.0000000
FUTSTKASTRAL27-JUL-2023,1952.9500000,1956.1000000,1987.8500000,1954.3000000,1980.9000000,1980.9000000,1.4300000,165.0000000,43306.0000000,118.0000000,85433728.1500000
FUTSTKBERGEPAINT29-JUN-2023,648.7000000,652.0500000,663.9500000,645.1500000,646.4500000,646.4500000,-0.3400000,7652.0000000,2175800.0000000,1978.0000000,1423264205.0000000
FUTSTKITC31-AUG-2023,451.3500000,448.3000000,451.3000000,446.2000000,446.6000000,446.6000000,-1.0500000,169.0000000,126400.0000000,79.0000000,56646160.0000000
FUTSTKCHAMBLFERT31-AUG-2023,282.2500000,281.9500000,282.4000000,277.2000000,277.2000000,277.2000000,-1.7800000,66.0000000,11400.0000000,6.0000000,3187725.0000000
FUTSTKSYNGENE29-JUN-2023,727.2000000,726.9000000,739.0000000,726.9000000,731.4500000,731.4500000,0.5800000,3008.0000000,691000.0000000,691.0000000,506647950.0000000
FUTSTKASIANPAINT27-JUL-2023,3223.7500000,3235.5000000,3264.1500000,3206.6500000,3211.8500000,3211.8500000,-0.3600000,501.0000000,58600.0000000,293.0000000,189059080.0000000
FUTSTKCUB27-JUL-2023,126.6500000,126.1000000,126.9000000,125.4000000,125.5500000,125.5500000,-0.8600000,499.0000000,360000.0000000,72.0000000,45312750.0000000
FUTSTKBAJAJFINSV29-JUN-2023,1475.5500000,1479.0000000,1482.8500000,1465.7000000,1472.2500000,1472.2500000,-0.2200000,16742.0000000,1022500.0000000,2045.0000000,1507380625.0000000
FUTSTKSRF27-JUL-2023,2537.0500000,2535.0000000,2537.0000000,2445.9000000,2450.2500000,2450.2500000,-3.4200000,150.0000000,76125.0000000,203.0000000,189229200.0000000
FUTSTKHINDALCO31-AUG-2023,423.8500000,423.3500000,423.3500000,420.0000000,420.8000000,420.8000000,-0.7100000,81.0000000,33600.0000000,24.0000000,14175840.0000000
FUTSTKTATACHEM31-AUG-2023,997.6500000,995.0000000,995.0000000,976.0000000,976.4500000,976.4500000,-2.1200000,77.0000000,16500.0000000,30.0000000,16211360.0000000
FUTSTKHINDUNILVR31-AUG-2023,2705.0000000,2700.0000000,2705.2500000,2650.6000000,2658.6000000,2658.6000000,-1.7100000,85.0000000,13800.0000000,46.0000000,36786240.0000000
FUTSTKCONCOR31-AUG-2023,685.4000000,688.0000000,689.0000000,678.0000000,681.8000000,681.8000000,-0.5200000,10.0000000,6000.0000000,6.0000000,4110900.0000000
FUTSTKWIPRO27-JUL-2023,399.1500000,399.3500000,399.3500000,394.5500000,395.4500000,395.4500000,-0.9200000,2323.0000000,1237500.0000000,825.0000000,490250100.0000000
FUTSTKWIPRO31-AUG-2023,401.4000000,400.1500000,401.0500000,397.0000000,397.8000000,397.8000000,-0.8900000,231.0000000,154500.0000000,103.0000000,61564875.0000000
FUTSTKACC31-AUG-2023,1864.1000000,1861.0000000,1865.0000000,1860.0000000,1860.0000000,1867.6500000,0.1900000,51.0000000,900.0000000,3.0000000,1675800.0000000
FUTSTKCANFINHOME29-JUN-2023,743.4000000,742.9500000,749.7500000,736.2000000,742.5500000,742.5500000,-0.1100000,3510.0000000,936975.0000000,961.0000000,695798610.0000000
FUTSTKDABUR29-JUN-2023,554.7000000,554.8000000,558.4000000,548.6500000,551.3000000,551.3000000,-0.6100000,8781.0000000,2560000.0000000,2048.0000000,1414182312.5000000
FUTSTKICICIGI27-JUL-2023,1258.0000000,1252.2500000,1252.2500000,1222.9500000,1223.0500000,1223.0500000,-2.7700000,165.0000000,18000.0000000,36.0000000,22238575.0000000
FUTSTKGLENMARK29-JUN-2023,650.2000000,648.8500000,662.0000000,637.9500000,639.6000000,639.6000000,-1.6300000,4576.0000000,3527850.0000000,2433.0000000,2286590695.0000000
FUTSTKBATAINDIA29-JUN-2023,1585.2500000,1587.7000000,1592.5500000,1569.0000000,1578.6000000,1578.6000000,-0.4100000,5826.0000000,241725.0000000,879.0000000,382088960.0000000
FUTSTKM&MFIN27-JUL-2023,287.5500000,283.0500000,289.0000000,281.4000000,285.6000000,285.6000000,-0.6700000,119.0000000,232000.0000000,58.0000000,66515600.0000000
FUTSTKVOLTAS29-JUN-2023,803.0000000,804.5000000,807.0000000,778.8000000,780.0500000,780.0500000,-2.8500000,13359.0000000,3167400.0000000,5279.0000000,2498929200.0000000
FUTSTKINDUSINDBK27-JUL-2023,1317.1000000,1315.0000000,1348.0000000,1313.0000000,1341.2000000,1341.2000000,1.8200000,1654.0000000,309000.0000000,618.0000000,413949825.0000000
FUTSTKALKEM27-JUL-2023,3467.6000000,3464.9000000,3464.9000000,3430.1000000,3446.6000000,3446.9000000,-0.5900000,38.0000000,1400.0000000,7.0000000,4823250.0000000
FUTSTKPEL27-JUL-2023,794.2000000,801.9500000,804.7500000,788.9000000,793.2500000,793.2500000,-0.1100000,242.0000000,115500.0000000,154.0000000,92229337.5000000
FUTSTKHCLTECH29-JUN-2023,1128.2000000,1127.1500000,1133.0000000,1112.2500000,1114.8000000,1114.8000000,-1.1800000,14308.0000000,2111200.0000000,3016.0000000,2365846630.0000000
FUTSTKGNFC27-JUL-2023,583.7000000,583.7000000,583.7000000,570.5000000,571.5500000,571.5500000,-2.0800000,205.0000000,131300.0000000,101.0000000,75514010.0000000
FUTSTKAUROPHARMA27-JUL-2023,674.7500000,673.8000000,676.7500000,669.0500000,674.4000000,674.4000000,-0.0500000,261.0000000,105600.0000000,96.0000000,71109005.0000000
FUTSTKLICHSGFIN29-JUN-2023,372.9000000,374.3000000,375.1000000,363.7500000,365.3000000,365.3000000,-2.0300000,7556.0000000,5900000.0000000,2950.0000000,2167666200.0000000
FUTSTKBALKRISIND27-JUL-2023,2289.5500000,2276.7000000,2293.4000000,2276.7000000,2282.9000000,2286.6500000,-0.1200000,98.0000000,2100.0000000,7.0000000,4800405.0000000
FUTSTKTATAMOTORS27-JUL-2023,565.0000000,568.2500000,570.0500000,563.3000000,565.9000000,565.9000000,0.1500000,1942.0000000,823650.0000000,578.0000000,466560461.2500000
FUTSTKSBILIFE31-AUG-2023,1259.5500000,1248.0000000,1248.0000000,1248.0000000,1248.0000000,1248.0000000,-0.9100000,4.0000000,750.0000000,1.0000000,936000.0000000
FUTSTKJKCEMENT27-JUL-2023,3258.5000000,3300.0000000,3310.0000000,3257.2500000,3263.6000000,3258.2500000,0.0000000,57.0000000,1750.0000000,7.0000000,5744662.5000000
FUTSTKAUBANK29-JUN-2023,752.7500000,752.9500000,763.4500000,749.5500000,761.7000000,761.7000000,1.1800000,11418.0000000,2302000.0000000,2302.0000000,1746864200.0000000
FUTSTKUPL27-JUL-2023,691.4500000,692.2500000,694.5000000,680.2000000,682.0000000,682.0000000,-1.3600000,1578.0000000,344500.0000000,265.0000000,236641860.0000000
FUTSTKIGL27-JUL-2023,468.3500000,471.1500000,471.1500000,467.0000000,467.4500000,467.4500000,-0.1900000,142.0000000,22000.0000000,16.0000000,10314631.2500000
FUTSTKPERSISTENT27-JUL-2023,4896.9500000,4880.7500000,4912.5500000,4801.5500000,4891.4000000,4891.4000000,-0.1100000,259.0000000,42875.0000000,245.0000000,208657181.2500000
FUTSTKJKCEMENT29-JUN-2023,3249.3000000,3264.8500000,3311.0000000,3234.0500000,3244.2500000,3244.2500000,-0.1500000,1923.0000000,201000.0000000,804.0000000,656365475.0000000
FUTSTKCANBK27-JUL-2023,315.6500000,316.0000000,316.5000000,313.0000000,314.0500000,314.0500000,-0.5000000,304.0000000,345600.0000000,128.0000000,108709830.0000000
FUTSTKIDFC29-JUN-2023,101.3500000,102.0500000,102.0500000,101.1500000,101.7000000,101.7000000,0.3400000,17525.0000000,10680000.0000000,1068.0000000,1085206000.0000000
FUTSTKEXIDEIND29-JUN-2023,210.8000000,210.9500000,211.7000000,206.1500000,206.6500000,206.6500000,-1.9600000,5059.0000000,6415200.0000000,1782.0000000,1334986380.0000000
FUTSTKHEROMOTOCO27-JUL-2023,2965.4000000,2978.5500000,3012.8500000,2888.0000000,2898.0500000,2898.0500000,-2.2700000,452.0000000,116100.0000000,387.0000000,342355560.0000000
FUTSTKRBLBANK31-AUG-2023,174.8000000,176.1000000,180.6500000,176.0000000,176.0000000,176.0000000,0.6800000,23.0000000,155000.0000000,31.0000000,27550250.0000000
FUTSTKCHAMBLFERT29-JUN-2023,279.4500000,279.5500000,279.9500000,274.1500000,274.8000000,274.8000000,-1.6600000,4873.0000000,2211000.0000000,1474.0000000,610823550.0000000
FUTSTKMGL29-JUN-2023,1032.8000000,1035.1000000,1041.1000000,1025.3000000,1028.8000000,1028.8000000,-0.3800000,2569.0000000,294400.0000000,368.0000000,304067080.0000000
FUTSTKHDFCLIFE27-JUL-2023,597.6500000,596.5500000,597.7000000,581.7000000,586.0500000,586.0500000,-1.9400000,248.0000000,220000.0000000,200.0000000,129458505.0000000
FUTSTKTORNTPHARM27-JUL-2023,1810.5500000,1814.7000000,1826.0000000,1813.0000000,1813.0000000,1813.0000000,0.1300000,36.0000000,1500.0000000,3.0000000,2726850.0000000
FUTSTKTECHM29-JUN-2023,1077.5500000,1079.5500000,1082.0000000,1064.0500000,1066.8000000,1066.8000000,-0.9900000,21893.0000000,3123000.0000000,5205.0000000,3343720230.0000000
FUTSTKTCS27-JUL-2023,3244.4500000,3251.5500000,3253.1500000,3213.2500000,3215.5000000,3215.5000000,-0.8900000,3536.0000000,246575.0000000,1409.0000000,795099112.5000000
FUTSTKAPOLLOHOSP27-JUL-2023,4986.3500000,5002.7000000,5008.9500000,4955.0500000,4973.3500000,4973.3500000,-0.2600000,299.0000000,9125.0000000,73.0000000,45452600.0000000
FUTSTKHINDALCO29-JUN-2023,420.5500000,422.0000000,422.2000000,416.1000000,417.0000000,417.0000000,-0.8400000,24519.0000000,4438000.0000000,3170.0000000,1855799820.0000000
FUTSTKIEX29-JUN-2023,137.1000000,129.7000000,129.7000000,116.5500000,123.2500000,123.2500000,-10.1000000,14868.0000000,119317500.0000000,31818.0000000,14697172687.5000000
FUTSTKBHARATFORG27-JUL-2023,821.6000000,821.6000000,823.5000000,814.4000000,818.2000000,818.2000000,-0.4100000,302.0000000,75000.0000000,75.0000000,61445850.0000000
FUTSTKCIPLA29-JUN-2023,967.9500000,969.6500000,971.9500000,963.7500000,970.6500000,970.6500000,0.2700000,15659.0000000,1071850.0000000,1649.0000000,1038947000.0000000
FUTSTKMOTHERSON29-JUN-2023,81.4500000,81.5500000,82.6000000,80.8500000,81.9000000,81.9000000,0.5500000,9610.0000000,11279250.0000000,1671.0000000,923596087.5000000
FUTSTKICICIBANK29-JUN-2023,942.9000000,941.0000000,948.8000000,940.8500000,943.2000000,943.2000000,0.0300000,109248.0000000,13476400.0000000,19252.0000000,12727266230.0000000
FUTSTKRAMCOCEM27-JUL-2023,912.0500000,918.0000000,930.9500000,917.9500000,926.3000000,926.3000000,1.5600000,284.0000000,85850.0000000,101.0000000,79495485.0000000
FUTSTKBAJAJ-AUTO27-JUL-2023,4803.9000000,4808.1000000,4822.0500000,4756.9000000,4764.7000000,4764.7000000,-0.8100000,536.0000000,19000.0000000,76.0000000,90785312.5000000
FUTSTKHEROMOTOCO29-JUN-2023,2979.4000000,2972.3000000,3031.9500000,2900.5000000,2910.4000000,2910.4000000,-2.3100000,11352.0000000,2292900.0000000,7643.0000000,6779270355.0000000
FUTSTKTITAN29-JUN-2023,2886.1500000,2899.8500000,2926.9500000,2879.0500000,2891.4500000,2891.4500000,0.1800000,13970.0000000,1112625.0000000,2967.0000000,3227815781.2500000
FUTSTKATUL29-JUN-2023,6795.1000000,6770.3000000,6857.6000000,6662.1500000,6699.9500000,6699.9500000,-1.4000000,2643.0000000,95100.0000000,1268.0000000,640483046.2500000
FUTSTKJSWSTEEL27-JUL-2023,754.9000000,756.5000000,759.6000000,748.0000000,753.3000000,753.3000000,-0.2100000,262.0000000,241650.0000000,179.0000000,182092387.5000000
FUTSTKMARUTI29-JUN-2023,9680.3500000,9699.9500000,9718.1000000,9657.1000000,9675.6000000,9675.6000000,-0.0400000,22106.0000000,329100.0000000,3291.0000000,3187491645.0000000
FUTSTKICICIBANK27-JUL-2023,943.5500000,945.1500000,948.4000000,941.2500000,943.7000000,943.7000000,0.0100000,2144.0000000,317800.0000000,454.0000000,300168715.0000000
FUTSTKINDIAMART29-JUN-2023,5549.3000000,5550.4500000,5684.0000000,5541.6500000,5601.4500000,5601.4500000,0.9300000,2197.0000000,101850.0000000,679.0000000,572244352.5000000
FUTSTKCOLPAL29-JUN-2023,1627.9000000,1630.0000000,1633.0000000,1601.9500000,1605.5000000,1605.5000000,-1.3700000,6874.0000000,564200.0000000,1612.0000000,910699545.0000000
FUTSTKPVRINOX27-JUL-2023,1442.0500000,1440.4000000,1451.0000000,1422.0000000,1427.5500000,1427.5500000,-1.0000000,411.0000000,42328.0000000,104.0000000,60686345.5000000
FUTSTKGODREJCP27-JUL-2023,1066.5000000,1065.4500000,1069.3000000,1041.2500000,1046.4000000,1046.4000000,-1.8800000,57.0000000,67000.0000000,67.0000000,70535050.0000000
FUTSTKTECHM31-AUG-2023,1092.2500000,1093.0000000,1093.0000000,1080.3000000,1081.0000000,1081.0000000,-1.0200000,99.0000000,30000.0000000,50.0000000,32560470.0000000
FUTSTKVEDL27-JUL-2023,275.7500000,274.8500000,277.0000000,274.0500000,274.6000000,274.6000000,-0.4100000,2068.0000000,634000.0000000,317.0000000,174629300.0000000
FUTSTKJUBLFOOD27-JUL-2023,480.0500000,482.0500000,483.0000000,475.0000000,475.9500000,475.9500000,-0.8500000,653.0000000,111250.0000000,89.0000000,53259812.5000000
FUTSTKRAMCOCEM29-JUN-2023,913.9000000,914.0500000,935.1000000,908.6000000,929.9500000,929.9500000,1.7500000,2661.0000000,1457750.0000000,1715.0000000,1351895207.5000000
FUTSTKINDIACEM29-JUN-2023,215.9500000,217.0500000,235.8000000,217.0000000,231.3000000,231.3000000,7.1000000,6943.0000000,25694000.0000000,8860.0000000,5899780155.0000000
FUTSTKSBIN27-JUL-2023,594.9000000,594.0000000,594.0000000,583.0000000,585.2000000,585.2000000,-1.6300000,2020.0000000,2049000.0000000,1366.0000000,1202617275.0000000
FUTSTKMCDOWELL-N27-JUL-2023,879.5000000,879.4000000,901.0000000,879.4000000,895.8500000,895.8500000,1.8500000,143.0000000,119700.0000000,171.0000000,106721440.0000000
FUTSTKGNFC29-JUN-2023,579.4000000,581.8500000,581.8500000,566.0000000,567.3000000,567.3000000,-2.0800000,4846.0000000,1176500.0000000,905.0000000,672411610.0000000
FUTSTKINFY29-JUN-2023,1290.3000000,1288.2000000,1288.9000000,1267.7000000,1270.1500000,1270.1500000,-1.5600000,103683.0000000,6438000.0000000,16095.0000000,8202348880.0000000
FUTSTKGMRINFRA27-JUL-2023,42.6000000,42.4500000,42.8500000,42.3500000,42.7000000,42.7000000,0.2300000,198.0000000,1215000.0000000,54.0000000,51810750.0000000
FUTSTKCUMMINSIND27-JUL-2023,1774.4500000,1783.0000000,1790.0000000,1773.0000000,1785.0000000,1799.7000000,1.4200000,64.0000000,22200.0000000,37.0000000,39568110.0000000
FUTSTKAARTIIND29-JUN-2023,515.9500000,516.8000000,517.2500000,506.8500000,508.1000000,508.1000000,-1.5200000,6494.0000000,1535100.0000000,1806.0000000,785864780.0000000
FUTSTKGLENMARK31-AUG-2023,659.2000000,661.0000000,661.0000000,643.0000000,643.0000000,643.0000000,-2.4500000,21.0000000,8700.0000000,6.0000000,5649635.0000000
FUTSTKM&M31-AUG-2023,1389.8500000,1388.6500000,1388.6500000,1372.9500000,1377.0000000,1393.2500000,0.2400000,74.0000000,11200.0000000,16.0000000,15419110.0000000
FUTSTKICICIPRULI27-JUL-2023,516.2000000,507.8500000,511.1000000,499.3000000,500.3000000,500.3000000,-3.0800000,139.0000000,237000.0000000,158.0000000,118994100.0000000
FUTSTKTVSMOTOR27-JUL-2023,1320.5000000,1322.0000000,1338.0000000,1321.9500000,1329.0500000,1329.0500000,0.6400000,354.0000000,100100.0000000,143.0000000,133276325.0000000
FUTSTKHINDUNILVR29-JUN-2023,2673.6500000,2673.0000000,2680.0000000,2613.0000000,2622.2000000,2622.2000000,-1.9200000,30721.0000000,2184000.0000000,7280.0000000,5748520200.0000000
FUTSTKMRF31-AUG-2023,98225.1500000,98971.5500000,99400.0000000,98500.0000000,99323.9500000,99323.9500000,1.1100000,66.0000000,240.0000000,24.0000000,23778221.0000000
FUTSTKINDUSINDBK29-JUN-2023,1310.7000000,1310.7500000,1343.8000000,1305.0500000,1334.8500000,1334.8500000,1.8400000,44152.0000000,7340850.0000000,16313.0000000,9786819825.0000000
FUTSTKPNB29-JUN-2023,51.5500000,51.6000000,51.6500000,50.7000000,50.8500000,50.8500000,-1.3500000,15450.0000000,40192000.0000000,2512.0000000,2053569600.0000000
FUTSTKBATAINDIA27-JUL-2023,1597.3500000,1602.0000000,1602.0000000,1581.2000000,1590.0000000,1590.1500000,-0.4500000,172.0000000,10875.0000000,29.0000000,17286712.5000000
FUTSTKINTELLECT29-JUN-2023,577.4000000,575.1000000,587.3500000,574.5000000,579.3500000,579.3500000,0.3300000,2930.0000000,981000.0000000,981.0000000,568749650.0000000
FUTSTKABCAPITAL27-JUL-2023,173.6000000,173.6500000,177.3000000,173.6500000,176.1000000,176.1000000,1.4400000,107.0000000,583200.0000000,108.0000000,102598110.0000000
FUTSTKPETRONET29-JUN-2023,224.0000000,223.6500000,224.1500000,222.4500000,223.7000000,223.7000000,-0.1300000,4541.0000000,1698000.0000000,566.0000000,379387050.0000000
FUTSTKLICHSGFIN27-JUL-2023,375.5000000,376.7000000,376.7000000,366.5000000,367.7500000,367.7500000,-2.0600000,350.0000000,574000.0000000,287.0000000,212253100.0000000
FUTSTKRAIN29-JUN-2023,159.7000000,160.2000000,162.5000000,157.8500000,158.5000000,158.5000000,-0.7500000,3501.0000000,2723000.0000000,778.0000000,435884225.0000000
FUTSTKDEEPAKNTR27-JUL-2023,2065.5500000,2059.0500000,2078.5500000,2000.0000000,2003.4500000,2003.4500000,-3.0000000,491.0000000,70200.0000000,234.0000000,142603080.0000000
FUTIDXNIFTY29-JUN-2023,18709.9500000,18724.9500000,18739.9500000,18618.3500000,18631.5500000,18631.5500000,-0.4100000,194172.0000000,5601900.0000000,112038.0000000,104600592577.5000000
FUTSTKBSOFT27-JUL-2023,336.5000000,335.7500000,337.7000000,329.5500000,330.2500000,330.2500000,-1.8500000,177.0000000,118000.0000000,59.0000000,39252000.0000000
FUTSTKINDUSTOWER29-JUN-2023,158.3500000,160.2000000,162.2500000,156.8000000,158.2500000,158.2500000,-0.0600000,23405.0000000,13666800.0000000,4881.0000000,2175240900.0000000
FUTSTKUBL27-JUL-2023,1489.3000000,1493.1000000,1494.0500000,1486.2500000,1488.5000000,1488.5000000,-0.0500000,189.0000000,9200.0000000,23.0000000,13700080.0000000
FUTSTKSUNTV27-JUL-2023,452.9500000,455.0000000,455.0000000,447.0000000,447.2000000,447.2000000,-1.2600000,74.0000000,60000.0000000,40.0000000,27004875.0000000
FUTSTKCIPLA27-JUL-2023,966.1500000,964.9000000,970.0000000,963.9500000,969.3000000,969.3000000,0.3200000,247.0000000,44200.0000000,68.0000000,42751150.0000000
FUTSTKPAGEIND29-JUN-2023,39132.4500000,39121.9000000,39358.0000000,38479.2500000,38581.4000000,38581.4000000,-1.4000000,11003.0000000,23460.0000000,1564.0000000,912119029.5000000
FUTSTKMANAPPURAM29-JUN-2023,112.8500000,114.0000000,118.5000000,114.0000000,117.7000000,117.7000000,4.2900000,8732.0000000,7008000.0000000,1168.0000000,816717000.0000000
FUTSTKIDFCFIRSTB27-JUL-2023,71.9500000,71.9500000,72.6000000,71.3000000,71.4500000,71.4500000,-0.6900000,1787.0000000,6030000.0000000,402.0000000,433753500.0000000
FUTSTKINDHOTEL29-JUN-2023,382.1000000,382.4000000,387.2000000,382.4000000,384.0500000,384.0500000,0.5100000,8861.0000000,4114000.0000000,2057.0000000,1583431700.0000000
FUTSTKSHRIRAMFIN27-JUL-2023,1409.1500000,1427.1000000,1432.4500000,1409.0000000,1411.4500000,1411.4500000,0.1600000,69.0000000,25800.0000000,43.0000000,36688260.0000000
FUTIDXNIFTY27-JUL-2023,18791.8000000,18799.9500000,18817.0500000,18706.5500000,18719.5500000,18719.5500000,-0.3800000,18827.0000000,293500.0000000,5870.0000000,5504317560.0000000
FUTSTKMPHASIS29-JUN-2023,1859.6500000,1862.7000000,1867.9500000,1843.8000000,1855.0000000,1855.0000000,-0.2500000,10994.0000000,471350.0000000,1714.0000000,874240922.5000000
FUTSTKAUBANK27-JUL-2023,745.1000000,747.7000000,755.9500000,743.0000000,755.0000000,755.0000000,1.3200000,407.0000000,112000.0000000,112.0000000,84207200.0000000
FUTSTKRELIANCE29-JUN-2023,2509.3000000,2511.7000000,2517.0000000,2486.0000000,2488.8000000,2488.8000000,-0.8100000,143238.0000000,4542250.0000000,18169.0000000,11361539062.5000000
FUTSTKESCORTS31-AUG-2023,2205.8000000,2166.0500000,2166.6500000,2155.0000000,2155.0000000,2170.9500000,-1.5700000,6.0000000,1100.0000000,4.0000000,2378117.5000000
FUTSTKIDFCFIRSTB31-AUG-2023,72.0000000,72.0000000,72.6500000,71.5000000,71.6000000,71.6000000,-0.5500000,200.0000000,570000.0000000,38.0000000,41043000.0000000
FUTSTKBAJFINANCE27-JUL-2023,7066.7500000,7076.8000000,7121.0000000,7065.0000000,7090.8500000,7090.8500000,0.3400000,1253.0000000,60625.0000000,485.0000000,429819631.2500000
FUTSTKCONCOR29-JUN-2023,677.5500000,681.4500000,687.4000000,668.6000000,676.2000000,676.2000000,-0.1900000,5622.0000000,3586000.0000000,3586.0000000,2432071350.0000000
FUTSTKDIVISLAB27-JUL-2023,3514.6500000,3516.3500000,3517.2500000,3446.0000000,3452.3000000,3452.3000000,-1.7700000,552.0000000,45600.0000000,228.0000000,158592810.0000000
FUTSTKBIOCON29-JUN-2023,242.2000000,244.1000000,247.0000000,241.2500000,241.9500000,241.9500000,-0.1000000,10738.0000000,3116500.0000000,1355.0000000,758074825.0000000
FUTSTKTATACOMM29-JUN-2023,1397.7000000,1408.0000000,1458.0000000,1396.0000000,1454.4500000,1454.4500000,4.0600000,5951.0000000,2955500.0000000,5911.0000000,4257253100.0000000
FUTSTKCUMMINSIND31-AUG-2023,1796.2000000,0.0000000,0.0000000,0.0000000,,1812.1500000,0.8800000,7.0000000,0.0000000,0.0000000,0.0000000
FUTSTKTITAN31-AUG-2023,2909.3500000,2945.4000000,2948.7500000,2912.3000000,2915.6000000,2915.6000000,0.2100000,61.0000000,4875.0000000,13.0000000,14301712.5000000
FUTSTKDLF27-JUL-2023,488.7500000,488.1000000,494.5500000,488.0000000,489.7000000,489.7000000,0.1900000,424.0000000,275550.0000000,167.0000000,135296205.0000000
FUTSTKDEEPAKNTR31-AUG-2023,2120.9000000,2055.1000000,2055.1000000,2000.0000000,2004.6500000,2004.6500000,-5.4800000,94.0000000,5400.0000000,18.0000000,10928775.0000000
FUTSTKBALRAMCHIN29-JUN-2023,397.0500000,402.5500000,414.7500000,402.5000000,406.6500000,406.6500000,2.4100000,4810.0000000,7174400.0000000,4484.0000000,2932845520.0000000
FUTSTKBANDHANBNK29-JUN-2023,260.9000000,261.7000000,265.0500000,257.0000000,257.8500000,257.8500000,-1.1600000,16828.0000000,5961600.0000000,3312.0000000,1554334830.0000000
FUTSTKCANBK31-AUG-2023,317.5000000,315.6000000,315.8500000,315.6000000,315.6000000,316.1500000,-0.4200000,40.0000000,24300.0000000,9.0000000,7669755.0000000
FUTSTKCOFORGE27-JUL-2023,4412.1500000,4390.1500000,4458.4500000,4390.1500000,4440.5000000,4440.5000000,0.6400000,96.0000000,6750.0000000,45.0000000,29948602.5000000
FUTSTKMETROPOLIS29-JUN-2023,1299.0000000,1305.3000000,1327.5000000,1283.6000000,1285.7500000,1285.7500000,-1.0200000,2280.0000000,418800.0000000,1047.0000000,546755280.0000000
FUTSTKAXISBANK29-JUN-2023,966.7000000,961.3500000,978.9000000,961.3500000,974.0000000,974.0000000,0.7500000,37853.0000000,13450800.0000000,11209.0000000,13105972020.0000000
FUTSTKFEDERALBNK29-JUN-2023,126.8000000,126.6000000,126.7000000,125.2000000,125.5500000,125.5500000,-0.9800000,14996.0000000,12960000.0000000,2592.0000000,1631369750.0000000
FUTIDXFINNIFTY27-JUN-2023,19493.9000000,19481.0500000,19540.5000000,19432.3500000,19465.0000000,19465.0000000,-0.1400000,863.0000000,30200.0000000,755.0000000,588560912.0000000
FUTSTKAMBUJACEM27-JUL-2023,453.7500000,455.7000000,460.0000000,454.1000000,457.1000000,457.1000000,0.7300000,1022.0000000,271800.0000000,151.0000000,124144110.0000000
FUTSTKJSWSTEEL29-JUN-2023,753.6500000,758.7000000,759.0000000,746.3000000,752.6500000,752.6500000,-0.1300000,23070.0000000,5995350.0000000,4441.0000000,4514648737.5000000
FUTSTKRECLTD27-JUL-2023,146.7500000,147.0000000,150.3500000,146.5000000,150.1000000,150.1000000,2.2800000,170.0000000,720000.0000000,90.0000000,107462400.0000000
FUTSTKEICHERMOT27-JUL-2023,3657.9000000,3663.3500000,3668.0000000,3611.4000000,3617.1000000,3617.1000000,-1.1100000,280.0000000,15400.0000000,88.0000000,56076238.7500000
FUTSTKITC27-JUL-2023,448.3500000,444.7500000,449.5000000,443.0500000,443.5000000,443.5000000,-1.0800000,2091.0000000,1115200.0000000,697.0000000,495884560.0000000
FUTSTKDABUR27-JUL-2023,556.5000000,555.5000000,555.8500000,550.3000000,552.6500000,552.6500000,-0.6900000,122.0000000,23750.0000000,19.0000000,13133750.0000000
FUTSTKLUPIN31-AUG-2023,825.4000000,820.2500000,821.3000000,817.0000000,817.5000000,817.5000000,-0.9500000,26.0000000,6800.0000000,8.0000000,5569030.0000000
FUTSTKMETROPOLIS31-AUG-2023,1315.7000000,1327.3500000,1327.3500000,1327.3500000,1327.3500000,1300.5500000,-1.1500000,22.0000000,400.0000000,1.0000000,530940.0000000
FUTSTKAUBANK31-AUG-2023,768.0000000,748.7500000,748.7500000,748.7500000,748.7500000,774.8500000,0.8900000,26.0000000,1000.0000000,1.0000000,748750.0000000
FUTSTKHINDUNILVR27-JUL-2023,2690.8500000,2691.5000000,2693.0000000,2629.6000000,2639.5500000,2639.5500000,-1.9000000,570.0000000,84600.0000000,282.0000000,224190135.0000000
FUTSTKASIANPAINT29-JUN-2023,3203.4000000,3214.7000000,3246.6000000,3184.3500000,3194.2000000,3194.2000000,-0.2800000,25646.0000000,1029000.0000000,5145.0000000,3304955380.0000000
FUTSTKTORNTPHARM29-JUN-2023,1798.0500000,1799.4500000,1820.4500000,1799.4500000,1805.6000000,1805.6000000,0.4100000,3770.0000000,322500.0000000,645.0000000,583287875.0000000
FUTSTKNAVINFLUOR27-JUL-2023,4595.3500000,4625.0000000,4625.0000000,4468.7000000,4481.4500000,4481.4500000,-2.4700000,251.0000000,11700.0000000,78.0000000,52836420.0000000
FUTSTKDIXON29-JUN-2023,4057.1500000,4066.8500000,4110.0000000,4033.2000000,4050.3000000,4050.3000000,-0.1600000,7057.0000000,602750.0000000,4822.0000000,2449115806.2500000
FUTSTKOBEROIRLTY27-JUL-2023,970.7000000,980.9500000,981.0000000,970.0000000,970.0000000,975.0500000,0.4400000,39.0000000,7000.0000000,10.0000000,6827695.0000000
FUTSTKCROMPTON27-JUL-2023,281.0000000,280.6000000,281.6500000,275.0000000,275.1500000,275.1500000,-2.0800000,496.0000000,266400.0000000,148.0000000,74048940.0000000
FUTSTKCROMPTON29-JUN-2023,281.9000000,281.6500000,283.1000000,274.9500000,275.8500000,275.8500000,-2.1400000,10738.0000000,1954500.0000000,1303.0000000,544590750.0000000
FUTSTKSBILIFE27-JUL-2023,1248.9500000,1253.0000000,1260.2000000,1238.7500000,1240.2000000,1240.2000000,-0.7000000,91.0000000,21750.0000000,29.0000000,27226237.5000000
FUTSTKLUPIN29-JUN-2023,814.6500000,815.1000000,820.0000000,809.0000000,811.0000000,811.0000000,-0.4400000,8066.0000000,1250350.0000000,1471.0000000,1016979355.0000000
FUTSTKCOROMANDEL27-JUL-2023,954.5000000,945.0000000,950.5000000,930.0000000,934.0000000,934.0000000,-2.1400000,83.0000000,27300.0000000,39.0000000,25630605.0000000
FUTSTKPEL29-JUN-2023,788.0000000,791.4500000,802.2000000,782.3000000,785.9500000,785.9500000,-0.2600000,15549.0000000,1369500.0000000,2490.0000000,1084399745.0000000
FUTSTKCANFINHOME27-JUL-2023,746.9500000,745.8500000,751.9000000,739.7500000,745.8000000,745.8000000,-0.1500000,87.0000000,35100.0000000,36.0000000,26122590.0000000
FUTIDXBANKNIFTY27-JUL-2023,44302.6000000,44304.0000000,44449.0000000,44192.9500000,44263.9500000,44263.9500000,-0.0800000,19600.0000000,111105.0000000,7407.0000000,4924891676.2500000
FUTSTKGUJGASLTD27-JUL-2023,483.5500000,481.0000000,490.0000000,481.0000000,485.0000000,485.0000000,0.2900000,105.0000000,36250.0000000,29.0000000,17624125.0000000
FUTSTKABBOTINDIA27-JUL-2023,21559.0500000,21664.7500000,21730.0000000,21373.3000000,21683.6500000,21683.6500000,0.5700000,57.0000000,680.0000000,17.0000000,14664714.0000000
FUTSTKDRREDDY29-JUN-2023,4667.9500000,4684.1000000,4729.0000000,4670.7000000,4688.9000000,4688.9000000,0.4400000,25317.0000000,304625.0000000,2437.0000000,1431497681.2500000
FUTSTKNATIONALUM29-JUN-2023,84.7500000,85.0000000,85.6500000,84.0500000,84.5000000,84.5000000,-0.2900000,5774.0000000,9195000.0000000,1226.0000000,779484750.0000000
FUTSTKAPOLLOHOSP29-JUN-2023,4956.4000000,4951.0500000,4982.4500000,4927.7000000,4941.3000000,4941.3000000,-0.3000000,14268.0000000,314625.0000000,2517.0000000,1557686750.0000000
FUTSTKIPCALAB27-JUL-2023,743.1500000,743.1000000,745.3500000,733.8000000,735.8000000,735.8000000,-0.9800000,108.0000000,36400.0000000,56.0000000,26925632.5000000
FUTSTKLUPIN27-JUL-2023,817.6000000,816.5500000,822.0000000,812.8000000,813.7000000,813.7000000,-0.4700000,308.0000000,34850.0000000,41.0000000,28445802.5000000
FUTSTKTATACONSUM29-JUN-2023,811.3500000,811.8000000,815.5500000,803.3500000,805.4500000,805.4500000,-0.7200000,11497.0000000,1886400.0000000,2096.0000000,1525018365.0000000
FUTSTKDIVISLAB29-JUN-2023,3508.4500000,3495.0000000,3509.6500000,3435.8000000,3447.0500000,3447.0500000,-1.7500000,18931.0000000,753000.0000000,5020.0000000,2611046797.5000000
FUTSTKBPCL29-JUN-2023,363.4000000,365.0500000,366.1500000,360.7500000,361.6000000,361.6000000,-0.4900000,11909.0000000,3346200.0000000,1859.0000000,1214490690.0000000
FUTSTKONGC29-JUN-2023,156.5000000,157.1500000,157.1500000,154.1000000,154.5500000,154.5500000,-1.2400000,12202.0000000,9944550.0000000,2583.0000000,1539445215.0000000
FUTSTKM&MFIN31-AUG-2023,289.7000000,0.0000000,0.0000000,0.0000000,,288.1000000,-0.5500000,33.0000000,0.0000000,0.0000000,0.0000000
FUTSTKUPL29-JUN-2023,692.4000000,692.6000000,694.3000000,679.3500000,681.2500000,681.2500000,-1.6100000,13849.0000000,3465800.0000000,2666.0000000,2379601510.0000000
FUTSTKLAURUSLABS29-JUN-2023,348.1000000,349.3500000,351.7000000,340.0500000,341.3500000,341.3500000,-1.9300000,10603.0000000,3048100.0000000,2771.0000000,1051831220.0000000
FUTSTKBANDHANBNK27-JUL-2023,261.3000000,261.9000000,265.0000000,257.6000000,258.3000000,258.3000000,-1.1400000,320.0000000,327500.0000000,131.0000000,85463250.0000000
FUTSTKWIPRO29-JUN-2023,397.6500000,397.7000000,398.0000000,393.1000000,394.0500000,394.0500000,-0.9000000,18563.0000000,6118500.0000000,4079.0000000,2416095300.0000000
FUTSTKHDFC31-AUG-2023,2687.2000000,2690.0000000,2692.1000000,2690.0000000,2690.0000000,2696.6500000,0.3500000,160.0000000,2700.0000000,9.0000000,7266090.0000000
FUTSTKM&MFIN29-JUN-2023,285.6000000,283.1000000,287.5000000,279.6000000,284.0000000,284.0000000,-0.5600000,6489.0000000,9320000.0000000,2330.0000000,2652817800.0000000
FUTSTKDEEPAKNTR29-JUN-2023,2070.7500000,2070.5500000,2083.4000000,2000.3000000,2007.3000000,2007.3000000,-3.0600000,8903.0000000,775750.0000000,3103.0000000,1577699387.5000000
FUTSTKIRCTC29-JUN-2023,647.1000000,646.9000000,650.0000000,641.5000000,642.7000000,642.7000000,-0.6700000,14686.0000000,1159375.0000000,1325.0000000,747937356.2500000
FUTSTKBSOFT29-JUN-2023,335.0500000,334.3500000,338.3000000,328.4500000,329.3000000,329.3000000,-1.7100000,4104.0000000,2296000.0000000,1148.0000000,761836800.0000000
FUTSTKMFSL27-JUL-2023,712.0000000,709.9000000,713.4500000,696.0500000,696.0500000,696.0500000,-2.2400000,60.0000000,8800.0000000,11.0000000,6212160.0000000
FUTSTKLAURUSLABS31-AUG-2023,351.3500000,354.9500000,354.9500000,346.0000000,347.4000000,346.1500000,-1.4800000,46.0000000,15300.0000000,9.0000000,5362225.0000000
FUTSTKMPHASIS27-JUL-2023,1863.2500000,1870.5000000,1870.5000000,1851.0000000,1858.9000000,1858.9000000,-0.2300000,510.0000000,50875.0000000,185.0000000,94614836.2500000
FUTSTKHAL27-JUL-2023,3525.8500000,3580.0500000,3786.0500000,3514.0000000,3727.1000000,3727.1000000,5.7000000,865.0000000,564900.0000000,1883.0000000,2064909315.0000000
FUTSTKESCORTS27-JUL-2023,2184.2500000,2178.2500000,2180.1500000,2145.9500000,2149.8500000,2149.8500000,-1.5700000,77.0000000,12925.0000000,47.0000000,27930182.5000000
FUTSTKAMBUJACEM29-JUN-2023,452.9500000,453.7500000,459.4500000,452.6000000,456.6500000,456.6500000,0.8100000,30612.0000000,6615000.0000000,3675.0000000,3017996460.0000000
FUTSTKM&M29-JUN-2023,1388.2500000,1388.1500000,1393.8500000,1370.0000000,1376.9500000,1376.9500000,-0.8100000,19469.0000000,2558500.0000000,3655.0000000,3522688120.0000000
FUTSTKOFSS29-JUN-2023,3550.9500000,3542.9500000,3580.4000000,3529.6500000,3549.8000000,3549.8000000,-0.0300000,1209.0000000,55200.0000000,276.0000000,196294690.0000000
FUTSTKNTPC29-JUN-2023,183.2500000,184.6500000,184.7000000,181.5000000,183.7500000,183.7500000,0.2700000,13541.0000000,21568800.0000000,3784.0000000,3949002750.0000000
FUTSTKRELIANCE27-JUL-2023,2524.5000000,2529.0000000,2532.0500000,2501.2000000,2504.7000000,2504.7000000,-0.7800000,5474.0000000,294000.0000000,1176.0000000,739639862.5000000
FUTSTKDELTACORP27-JUL-2023,238.0500000,239.4000000,251.5000000,237.2000000,248.2500000,248.2500000,4.2800000,123.0000000,268800.0000000,96.0000000,65770880.0000000
FUTSTKNESTLEIND29-JUN-2023,22286.5000000,22434.2000000,22434.2000000,22163.0000000,22201.7000000,22201.7000000,-0.3800000,9683.0000000,62360.0000000,1559.0000000,1387117664.0000000
FUTSTKCHOLAFIN27-JUL-2023,1072.0000000,1070.7500000,1080.0000000,1070.7500000,1074.1000000,1074.1000000,0.1900000,280.0000000,48750.0000000,39.0000000,52451625.0000000
FUTSTKBRITANNIA29-JUN-2023,4881.1500000,4900.0000000,4979.3000000,4855.0500000,4883.2500000,4883.2500000,0.0400000,7488.0000000,974400.0000000,4872.0000000,4796585400.0000000
FUTSTKGODREJPROP29-JUN-2023,1431.3000000,1436.2000000,1453.8000000,1427.2500000,1436.3500000,1436.3500000,0.3500000,9317.0000000,623050.0000000,1466.0000000,897733705.0000000
FUTSTKICICIGI29-JUN-2023,1250.6000000,1246.2000000,1247.6500000,1213.8000000,1216.5000000,1216.5000000,-2.7200000,11055.0000000,906100.0000000,2132.0000000,1112908910.0000000
FUTSTKCONCOR27-JUL-2023,681.4500000,684.8500000,690.9500000,675.0000000,680.3000000,680.3000000,-0.1600000,72.0000000,71000.0000000,71.0000000,48527200.0000000
FUTSTKCOALINDIA27-JUL-2023,230.8000000,231.1500000,231.8500000,230.0000000,230.2500000,230.2500000,-0.2300000,787.0000000,722400.0000000,172.0000000,166734540.0000000
FUTSTKEXIDEIND27-JUL-2023,212.2500000,213.4500000,213.4500000,207.8000000,208.1000000,208.1000000,-1.9500000,400.0000000,558000.0000000,155.0000000,117149400.0000000
FUTSTKVOLTAS27-JUL-2023,808.0000000,808.7000000,811.4000000,784.7000000,785.7000000,785.7000000,-2.7500000,836.0000000,342000.0000000,570.0000000,271674330.0000000
FUTSTKATUL27-JUL-2023,6801.7000000,6801.6500000,6848.4000000,6682.0000000,6715.2500000,6715.2500000,-1.2700000,123.0000000,5550.0000000,74.0000000,37361415.0000000
FUTSTKHINDALCO27-JUL-2023,423.3000000,424.6500000,424.6500000,419.0500000,419.8000000,419.8000000,-0.8200000,501.0000000,228200.0000000,163.0000000,96021730.0000000
FUTSTKBANKBARODA27-JUL-2023,189.6500000,190.0000000,190.0000000,186.1000000,186.9000000,186.9000000,-1.4500000,610.0000000,1246050.0000000,213.0000000,233598397.5000000
FUTSTKZYDUSLIFE31-AUG-2023,515.1000000,514.0000000,514.0000000,514.0000000,514.0000000,516.1000000,0.1900000,25.0000000,1800.0000000,1.0000000,925200.0000000
FUTSTKAPOLLOTYRE27-JUL-2023,393.4000000,393.9000000,402.8000000,393.9000000,401.4500000,401.4500000,2.0400000,479.0000000,530400.0000000,312.0000000,212075935.0000000
FUTSTKOBEROIRLTY29-JUN-2023,966.7500000,969.5500000,979.8500000,963.7500000,966.6000000,966.6000000,-0.0100000,8169.0000000,640500.0000000,915.0000000,621951680.0000000
FUTSTKSUNPHARMA27-JUL-2023,999.5500000,995.8500000,1001.5000000,994.0000000,994.8000000,994.8000000,-0.4700000,215.0000000,49000.0000000,70.0000000,48850620.0000000
FUTSTKESCORTS29-JUN-2023,2179.5000000,2180.1500000,2181.1000000,2139.1000000,2143.3000000,2143.3000000,-1.6600000,4082.0000000,396825.0000000,1443.0000000,855328553.7500000
FUTSTKINDIAMART27-JUL-2023,5567.1500000,5646.8500000,5700.0000000,5599.9000000,5609.6500000,5609.6500000,0.7600000,59.0000000,6750.0000000,45.0000000,38068792.5000000
FUTSTKCHAMBLFERT27-JUL-2023,281.0500000,280.8000000,281.8000000,276.0000000,276.7500000,276.7500000,-1.5200000,330.0000000,167200.0000000,88.0000000,46521785.0000000
FUTSTKMRF27-JUL-2023,97964.8500000,99199.9500000,99199.9500000,97972.0500000,99053.0500000,99053.0500000,1.1100000,349.0000000,1640.0000000,164.0000000,162048687.5000000
FUTSTKMRF29-JUN-2023,97500.2000000,97571.7500000,98844.0500000,97501.6500000,98686.7000000,98686.7000000,1.2100000,5015.0000000,15780.0000000,1578.0000000,1552973088.0000000
FUTSTKHDFCAMC27-JUL-2023,1954.2500000,1920.0000000,1925.0000000,1890.0000000,1902.3000000,1902.3000000,-2.6500000,627.0000000,105300.0000000,351.0000000,200450520.0000000
FUTSTKDLF29-JUN-2023,486.2000000,484.2500000,492.1500000,484.2500000,486.4500000,486.4500000,0.0500000,19564.0000000,8375400.0000000,5076.0000000,4094772165.0000000
FUTSTKINDIACEM27-JUL-2023,217.7000000,221.0000000,237.1500000,219.0000000,232.7000000,232.7000000,6.8900000,730.0000000,1035300.0000000,357.0000000,239973260.0000000
FUTSTKLAURUSLABS27-JUL-2023,350.4000000,351.3000000,353.6000000,342.8500000,343.9500000,343.9500000,-1.8400000,320.0000000,243100.0000000,143.0000000,84480395.0000000
FUTSTKDRREDDY27-JUL-2023,4659.8000000,4685.0000000,4716.1000000,4659.8500000,4676.0000000,4676.0000000,0.3400000,554.0000000,39500.0000000,316.0000000,184816687.5000000
FUTSTKLT29-JUN-2023,2347.2000000,2350.5000000,2373.9500000,2345.8000000,2370.7000000,2370.7000000,1.0000000,35011.0000000,2608800.0000000,8696.0000000,6171417705.0000000
FUTSTKASHOKLEY27-JUL-2023,151.8500000,152.4500000,152.9000000,150.9000000,151.2000000,151.2000000,-0.4200000,781.0000000,580000.0000000,116.0000000,88178500.0000000
FUTSTKSBILIFE29-JUN-2023,1243.3500000,1227.0000000,1253.3000000,1227.0000000,1232.6500000,1232.6500000,-0.8600000,9115.0000000,1722750.0000000,2297.0000000,2141724375.0000000
FUTSTKAUROPHARMA29-JUN-2023,671.4500000,674.4500000,674.5500000,665.3500000,671.4500000,671.4500000,0.0000000,8935.0000000,1577000.0000000,1577.0000000,1057732150.0000000
FUTSTKJUBLFOOD29-JUN-2023,483.1000000,484.6500000,486.3500000,475.1500000,479.0000000,479.0000000,-0.8400000,12189.0000000,1936250.0000000,1549.0000000,932213750.0000000
FUTSTKHINDCOPPER29-JUN-2023,114.2000000,114.0000000,114.8500000,113.0500000,113.2500000,113.2500000,-0.8300000,4629.0000000,3763200.0000000,784.0000000,428193360.0000000
FUTSTKMCX27-JUL-2023,1545.5000000,1535.7000000,1577.0000000,1535.7000000,1556.8000000,1556.8000000,0.7300000,100.0000000,38800.0000000,97.0000000,60706260.0000000
FUTSTKIGL29-JUN-2023,464.9500000,464.0000000,468.1500000,463.1000000,464.2000000,464.2000000,-0.1600000,6138.0000000,1023000.0000000,744.0000000,476192681.2500000
FUTSTKBAJAJFINSV27-JUL-2023,1485.4500000,1488.2500000,1491.0000000,1476.4500000,1481.6000000,1481.6000000,-0.2500000,1246.0000000,161000.0000000,322.0000000,238862325.0000000
FUTSTKSUNTV31-AUG-2023,453.6500000,453.0000000,453.0000000,453.0000000,453.0000000,450.9500000,-0.5900000,16.0000000,1500.0000000,1.0000000,679500.0000000
FUTSTKBEL27-JUL-2023,118.7000000,119.1000000,122.6500000,118.0000000,121.6000000,121.6000000,2.4400000,417.0000000,2194500.0000000,385.0000000,265244370.0000000
FUTSTKHDFCBANK27-JUL-2023,1626.9500000,1628.3500000,1631.9500000,1621.7500000,1625.3000000,1625.3000000,-0.1000000,11910.0000000,1256200.0000000,2284.0000000,2045838080.0000000
FUTSTKHCLTECH27-JUL-2023,1127.1500000,1127.2500000,1131.2000000,1111.9000000,1113.7000000,1113.7000000,-1.1900000,883.0000000,146300.0000000,209.0000000,163661365.0000000
FUTSTKCOALINDIA29-JUN-2023,229.4000000,229.7000000,230.4000000,228.5500000,228.9000000,228.9000000,-0.2100000,16162.0000000,7631400.0000000,1817.0000000,1751631420.0000000
FUTSTKGODREJPROP27-JUL-2023,1439.7000000,1448.0000000,1461.5500000,1440.1000000,1445.5500000,1445.5500000,0.4000000,179.0000000,24225.0000000,51.0000000,35070603.7500000
FUTSTKASTRAL29-JUN-2023,1947.2000000,1948.4000000,1986.9000000,1947.0500000,1978.5500000,1978.5500000,1.6100000,4629.0000000,958604.0000000,2612.0000000,1889181366.0500000
FUTSTKCUB29-JUN-2023,125.7000000,125.6500000,126.2500000,124.5500000,124.7000000,124.7000000,-0.7900000,6069.0000000,5500000.0000000,1100.0000000,687937250.0000000
FUTSTKNTPC27-JUL-2023,184.4000000,185.1000000,185.7000000,182.5000000,184.8500000,184.8500000,0.2400000,743.0000000,894000.0000000,298.0000000,164641650.0000000
FUTSTKSBICARD31-AUG-2023,930.4000000,915.7000000,915.8000000,913.2000000,916.3000000,916.3000000,-1.5100000,91.0000000,5600.0000000,7.0000000,5127360.0000000
FUTSTKINDHOTEL27-JUL-2023,384.8000000,387.1000000,389.5500000,385.9500000,386.4500000,386.4500000,0.4200000,401.0000000,348000.0000000,174.0000000,134735900.0000000
FUTSTKJINDALSTEL29-JUN-2023,533.3000000,536.0000000,536.3500000,523.2000000,526.6500000,526.6500000,-1.2400000,20787.0000000,4900000.0000000,3920.0000000,2587189812.5000000
FUTIDXBANKNIFTY29-JUN-2023,44147.4000000,44178.1500000,44325.9000000,44042.4000000,44117.9500000,44117.9500000,-0.0600000,94951.0000000,2145750.0000000,85830.0000000,94809859855.0000000
FUTIDXMIDCPNIFTY27-JUN-2023,7873.0500000,7851.8500000,7888.9500000,7834.0500000,7840.1000000,7840.1000000,-0.4100000,34.0000000,1200.0000000,16.0000000,9431448.7500000
FUTSTKSIEMENS27-JUL-2023,3690.9000000,3703.3500000,3712.7500000,3664.0000000,3688.8000000,3688.8000000,-0.0500000,204.0000000,21725.0000000,79.0000000,80183303.7500000
FUTSTKULTRACEMCO27-JUL-2023,8149.4500000,8191.7500000,8255.0000000,8160.0000000,8202.6500000,8202.6500000,0.6500000,245.0000000,12100.0000000,121.0000000,99365275.0000000
FUTSTKMETROPOLIS27-JUL-2023,1308.5500000,1313.1000000,1334.6500000,1292.5000000,1294.1000000,1294.1000000,-1.1000000,85.0000000,12000.0000000,30.0000000,15746300.0000000
FUTSTKBAJFINANCE29-JUN-2023,7051.3000000,7049.9500000,7110.0000000,7042.5000000,7075.5000000,7075.5000000,0.3400000,28387.0000000,794875.0000000,6359.0000000,5627037518.7500000
FUTSTKTATACOMM27-JUL-2023,1405.0500000,1415.7500000,1465.0000000,1407.0000000,1461.6000000,1461.6000000,4.0200000,216.0000000,127500.0000000,255.0000000,184266025.0000000
FUTSTKBHEL27-JUL-2023,85.2000000,85.6000000,87.5500000,83.9000000,86.7000000,86.7000000,1.7600000,676.0000000,6226500.0000000,593.0000000,536114775.0000000
FUTSTKHDFCAMC29-JUN-2023,1959.4500000,1921.4000000,1921.4000000,1892.1500000,1907.4500000,1907.4500000,-2.6500000,9188.0000000,749700.0000000,2499.0000000,1429989570.0000000
FUTSTKGUJGASLTD31-AUG-2023,487.0000000,488.0000000,490.0000000,484.8500000,484.8500000,484.8500000,-0.4400000,91.0000000,3750.0000000,3.0000000,1828562.5000000
FUTSTKSIEMENS29-JUN-2023,3668.4000000,3676.8000000,3701.0000000,3642.4000000,3666.8500000,3666.8500000,-0.0400000,6407.0000000,659450.0000000,2398.0000000,2419403800.0000000
FUTSTKALKEM29-JUN-2023,3452.6000000,3467.3500000,3467.3500000,3400.0000000,3430.5500000,3430.5500000,-0.6300000,3108.0000000,131400.0000000,657.0000000,450422910.0000000
FUTSTKKOTAKBANK29-JUN-2023,1882.7500000,1858.1500000,1904.0000000,1855.0000000,1879.8000000,1879.8000000,-0.1500000,72246.0000000,22460000.0000000,56150.0000000,42328136140.0000000
FUTSTKMANAPPURAM27-JUL-2023,113.6000000,114.5000000,119.0000000,114.5000000,118.2500000,118.2500000,4.0900000,509.0000000,300000.0000000,50.0000000,35056800.0000000
FUTSTKTITAN27-JUL-2023,2892.0500000,2894.6000000,2933.0000000,2888.5000000,2898.7500000,2898.7500000,0.2300000,672.0000000,52125.0000000,139.0000000,151755487.5000000
FUTSTKAPOLLOTYRE29-JUN-2023,394.8500000,395.8500000,404.3500000,395.8500000,402.7000000,402.7000000,1.9800000,3761.0000000,8708000.0000000,2488.0000000,3495861075.0000000
FUTSTKPETRONET27-JUL-2023,222.9500000,223.0500000,223.4500000,222.0000000,223.0500000,223.0500000,0.0400000,221.0000000,99000.0000000,33.0000000,22042200.0000000
FUTSTKLALPATHLAB29-JUN-2023,2005.7000000,2006.4000000,2014.9000000,1950.0000000,1954.2500000,1954.2500000,-2.5600000,2906.0000000,345500.0000000,1382.0000000,683343575.0000000
FUTSTKIDFC27-JUL-2023,102.1500000,101.8500000,102.7500000,101.8500000,102.3000000,102.3000000,0.1400000,241.0000000,1150000.0000000,115.0000000,117658500.0000000
FUTSTKSUNPHARMA29-JUN-2023,991.9500000,990.0000000,996.0000000,986.7500000,989.0500000,989.0500000,-0.2900000,33365.0000000,2911300.0000000,4159.0000000,2884617085.0000000
FUTSTKRAMCOCEM31-AUG-2023,909.0000000,0.0000000,0.0000000,0.0000000,,947.9500000,4.2800000,1.0000000,0.0000000,0.0000000,0.0000000
FUTSTKMCDOWELL-N29-JUN-2023,873.5000000,873.8000000,896.4500000,873.8000000,890.8500000,890.8500000,1.9800000,16657.0000000,2645000.0000000,4232.0000000,2347676312.5000000
FUTSTKIDEA31-AUG-2023,7.5500000,7.7000000,7.7000000,7.3500000,7.5000000,7.5000000,-0.6600000,92.0000000,2640000.0000000,33.0000000,19748000.0000000
FUTSTKSUNPHARMA31-AUG-2023,1000.7000000,996.0000000,1001.2500000,996.0000000,1001.2500000,1000.2000000,-0.0400000,32.0000000,2100.0000000,3.0000000,2098845.0000000
FUTSTKRBLBANK29-JUN-2023,174.0500000,174.4000000,180.9000000,173.9500000,175.7000000,175.7000000,0.9400000,9206.0000000,19180000.0000000,3836.0000000,3407354500.0000000
FUTSTKASHOKLEY31-AUG-2023,153.0500000,153.5500000,153.7000000,152.5000000,152.5000000,154.9000000,1.2000000,43.0000000,55000.0000000,11.0000000,8434250.0000000
FUTSTKJUBLFOOD31-AUG-2023,479.6500000,482.0000000,482.0000000,473.0000000,474.0000000,474.0000000,-1.1700000,220.0000000,20000.0000000,16.0000000,9589187.5000000
FUTSTKBSOFT31-AUG-2023,339.3000000,330.5000000,330.5000000,330.5000000,330.5000000,330.5000000,-2.5900000,7.0000000,2000.0000000,1.0000000,661000.0000000
FUTSTKPOWERGRID29-JUN-2023,243.2000000,243.7500000,246.0000000,242.6000000,245.5000000,245.5000000,0.9400000,11572.0000000,7924500.0000000,2935.0000000,1936915740.0000000
FUTSTKRECLTD29-JUN-2023,146.2000000,146.2000000,149.9500000,145.6500000,149.6500000,149.6500000,2.3500000,6645.0000000,24128000.0000000,3016.0000000,3585216000.0000000
FUTSTKMOTHERSON27-JUL-2023,82.0500000,81.8000000,83.1000000,81.6500000,82.4000000,82.4000000,0.4200000,252.0000000,468600.0000000,66.0000000,38658790.0000000
FUTSTKMUTHOOTFIN31-AUG-2023,1143.8500000,1140.6500000,1141.6000000,1125.0000000,1125.0000000,1135.2500000,-0.7500000,13.0000000,3300.0000000,6.0000000,3750147.5000000
FUTSTKTVSMOTOR29-JUN-2023,1320.6000000,1327.6000000,1339.9500000,1324.1000000,1329.9500000,1329.9500000,0.7000000,12274.0000000,1438500.0000000,2055.0000000,1917139945.0000000
FUTSTKINDIGO27-JUL-2023,2463.0000000,2471.0000000,2501.9500000,2465.6500000,2486.8000000,2486.8000000,0.9600000,279.0000000,42000.0000000,140.0000000,104468475.0000000
FUTSTKBPCL27-JUL-2023,365.9000000,367.0000000,368.0000000,363.0500000,363.4500000,363.4500000,-0.6600000,277.0000000,205200.0000000,114.0000000,74800080.0000000
FUTSTKLT31-AUG-2023,2352.7000000,2367.0000000,2377.0000000,2365.7500000,2376.5000000,2376.5000000,1.0100000,171.0000000,17100.0000000,57.0000000,40583775.0000000
FUTSTKBAJAJ-AUTO31-AUG-2023,4880.6500000,4800.8000000,4815.0000000,4778.0000000,4778.0000000,4778.0000000,-2.1000000,45.0000000,4000.0000000,16.0000000,19220612.5000000
FUTIDXMIDCPNIFTY30-AUG-2023,7974.0000000,0.0000000,0.0000000,0.0000000,,7959.8000000,-0.1700000,0.0000000,0.0000000,0.0000000,0.0000000
FUTSTKINDIACEM31-AUG-2023,218.9000000,221.7500000,235.2500000,221.7500000,233.9500000,233.9500000,6.8700000,53.0000000,52200.0000000,18.0000000,12064290.0000000
FUTSTKBALKRISIND31-AUG-2023,2314.1500000,0.0000000,0.0000000,0.0000000,,2302.4500000,-0.5000000,22.0000000,0.0000000,0.0000000,0.0000000
FUTSTKTATAMOTORS29-JUN-2023,562.8000000,566.9000000,567.8000000,560.6500000,563.6500000,563.6500000,0.1500000,32588.0000000,11294550.0000000,7926.0000000,6373507012.5000000
FUTSTKHEROMOTOCO31-AUG-2023,2985.6000000,3020.0000000,3030.3500000,2911.8000000,2917.0000000,2917.0000000,-2.2900000,57.0000000,14700.0000000,49.0000000,43750065.0000000
FUTSTKSIEMENS31-AUG-2023,3709.0000000,3694.5000000,3720.0000000,3694.0000000,3710.0000000,3710.0000000,0.0200000,40.0000000,4125.0000000,15.0000000,15299528.7500000
FUTSTKTCS31-AUG-2023,3266.9500000,3267.0000000,3269.0000000,3236.0000000,3238.3000000,3238.3000000,-0.8700000,342.0000000,18200.0000000,104.0000000,59110983.7500000
FUTSTKABB29-JUN-2023,4106.4000000,4119.7000000,4150.0000000,4101.3500000,4138.0500000,4138.0500000,0.7700000,5403.0000000,307750.0000000,1231.0000000,1271418012.5000000
FUTSTKONGC27-JUL-2023,157.5000000,158.0500000,158.0500000,155.3000000,155.6000000,155.6000000,-1.2000000,273.0000000,512050.0000000,133.0000000,79850540.0000000
FUTSTKHDFC29-JUN-2023,2670.1500000,2678.8500000,2678.9500000,2661.8000000,2666.5500000,2666.5500000,-0.1300000,78947.0000000,1965300.0000000,6551.0000000,5251784820.0000000
FUTSTKNTPC31-AUG-2023,183.0000000,184.0500000,184.3500000,181.5000000,183.4000000,183.4000000,0.2100000,222.0000000,207000.0000000,69.0000000,37774950.0000000
FUTSTKLT27-JUL-2023,2360.8500000,2363.6500000,2387.0000000,2362.8500000,2384.1500000,2384.1500000,0.9800000,1566.0000000,123600.0000000,412.0000000,294090090.0000000
FUTSTKMARICO29-JUN-2023,546.9500000,543.9000000,555.4500000,535.4500000,536.2500000,536.2500000,-1.9500000,7726.0000000,2256000.0000000,1880.0000000,1225223580.0000000
FUTSTKPVRINOX31-AUG-2023,1453.2500000,1455.6000000,1455.6000000,1430.1000000,1432.5000000,1432.5000000,-1.4200000,111.0000000,5291.0000000,13.0000000,7623618.7500000
FUTSTKIRCTC27-JUL-2023,651.8000000,652.8500000,653.8500000,646.0500000,646.9000000,646.9000000,-0.7500000,593.0000000,98000.0000000,112.0000000,63698600.0000000
FUTIDXMIDCPNIFTY26-JUL-2023,7919.3000000,0.0000000,0.0000000,0.0000000,,7905.1000000,-0.1700000,0.0000000,0.0000000,0.0000000,0.0000000
FUTSTKBIOCON27-JUL-2023,242.6000000,245.1500000,245.3500000,241.5000000,242.1000000,242.1000000,-0.2000000,928.0000000,525000.0000000,210.0000000,127823000.0000000
FUTSTKRELIANCE31-AUG-2023,2541.1000000,2544.7000000,2544.7500000,2515.5500000,2518.6500000,2518.6500000,-0.8800000,603.0000000,32000.0000000,128.0000000,80920200.0000000
FUTSTKMOTHERSON31-AUG-2023,82.3000000,81.9500000,83.1000000,81.9000000,82.2000000,82.2000000,-0.1200000,70.0000000,99400.0000000,14.0000000,8210440.0000000
FUTSTKASTRAL31-AUG-2023,1984.4500000,1984.4500000,1984.4500000,1974.1000000,1980.3500000,2020.6500000,1.8200000,9.0000000,2569.0000000,7.0000000,5082546.3000000
FUTSTKMCX29-JUN-2023,1544.2500000,1533.3000000,1577.4000000,1533.3000000,1558.3000000,1558.3000000,0.9000000,3481.0000000,676400.0000000,1691.0000000,1056538380.0000000
FUTSTKTECHM27-JUL-2023,1084.9000000,1087.0000000,1087.0000000,1071.5000000,1073.2000000,1073.2000000,-1.0700000,1093.0000000,222600.0000000,371.0000000,239804280.0000000
FUTSTKLALPATHLAB31-AUG-2023,2040.4500000,2007.8000000,2007.8000000,1960.0000000,1963.8500000,1963.8500000,-3.7500000,42.0000000,3000.0000000,10.0000000,5945505.0000000
FUTSTKPEL31-AUG-2023,798.8500000,805.5500000,811.0000000,800.0000000,800.0000000,797.3000000,-0.1900000,29.0000000,3750.0000000,5.0000000,3020400.0000000
FUTSTKMFSL29-JUN-2023,707.3000000,708.2000000,708.3000000,688.2500000,690.4000000,690.4000000,-2.3800000,6660.0000000,855400.0000000,1316.0000000,594636965.0000000
FUTSTKTRENT27-JUL-2023,1602.8500000,1619.0000000,1633.0000000,1612.5500000,1615.7500000,1615.7500000,0.8000000,50.0000000,12400.0000000,31.0000000,20122060.0000000
FUTSTKGRANULES29-JUN-2023,280.6000000,280.5000000,282.0000000,277.0000000,277.9000000,277.9000000,-0.9600000,3966.0000000,966000.0000000,483.0000000,269986100.0000000
FUTSTKIRCTC31-AUG-2023,653.4000000,654.0000000,654.9000000,648.0500000,649.7000000,649.7000000,-0.5600000,77.0000000,11375.0000000,13.0000000,7418293.7500000
FUTSTKABB27-JUL-2023,4122.3000000,4150.5500000,4165.0000000,4119.0000000,4152.0500000,4152.0500000,0.7200000,342.0000000,25500.0000000,102.0000000,105799312.5000000
FUTSTKICICIPRULI31-AUG-2023,519.2500000,504.6500000,504.6500000,503.2000000,503.2000000,503.2000000,-3.0900000,9.0000000,6000.0000000,4.0000000,3022575.0000000
FUTSTKHDFCLIFE31-AUG-2023,603.8000000,592.0000000,597.4000000,586.4000000,589.5000000,589.5000000,-2.3600000,44.0000000,11000.0000000,10.0000000,6494895.0000000
FUTSTKSYNGENE31-AUG-2023,735.2500000,0.0000000,0.0000000,0.0000000,,740.0000000,0.6400000,4.0000000,0.0000000,0.0000000,0.0000000
FUTSTKHDFCBANK31-AUG-2023,1633.7500000,1632.8000000,1637.8500000,1629.6500000,1631.7500000,1631.7500000,-0.1200000,591.0000000,59950.0000000,109.0000000,97986460.0000000
FUTSTKBHARTIARTL27-JUL-2023,843.9000000,841.4000000,844.4000000,835.8000000,839.7500000,839.7500000,-0.4900000,954.0000000,310650.0000000,327.0000000,260448675.0000000
FUTSTKBHARTIARTL31-AUG-2023,847.8000000,846.9500000,846.9500000,839.9500000,843.4500000,843.4500000,-0.5100000,486.0000000,227050.0000000,239.0000000,191168072.5000000
FUTSTKAXISBANK31-AUG-2023,977.4500000,980.0000000,988.7000000,980.0000000,984.0000000,984.0000000,0.6700000,148.0000000,35625.0000000,57.0000000,35104656.2500000
FUTSTKPIDILITIND31-AUG-2023,2678.3000000,0.0000000,0.0000000,0.0000000,,2658.0000000,-0.7500000,5.0000000,0.0000000,0.0000000,0.0000000
FUTSTKBHEL31-AUG-2023,85.8500000,86.1500000,88.1000000,84.5500000,87.4000000,87.4000000,1.8000000,156.0000000,924000.0000000,88.0000000,80168025.0000000
FUTSTKL&TFH31-AUG-2023,105.0500000,104.9000000,106.3000000,104.5000000,105.0500000,105.0500000,0.0000000,173.0000000,401580.0000000,45.0000000,42179732.2000000
FUTSTKMARICO27-JUL-2023,550.0500000,553.9500000,558.4000000,539.0000000,539.5500000,539.5500000,-1.9000000,78.0000000,86400.0000000,72.0000000,47139420.0000000
FUTSTKPIIND29-JUN-2023,3650.2500000,3607.0500000,3679.9500000,3575.6500000,3633.2000000,3633.2000000,-0.4600000,7490.0000000,392250.0000000,1569.0000000,1427616412.5000000
FUTSTKONGC31-AUG-2023,158.7000000,158.0000000,158.0000000,156.4000000,156.4000000,156.8000000,-1.1900000,79.0000000,46200.0000000,12.0000000,7247047.5000000
FUTSTKDELTACORP29-JUN-2023,236.2500000,235.9000000,250.3500000,235.4500000,246.6000000,246.6000000,4.3800000,6473.0000000,8836800.0000000,3156.0000000,2154579840.0000000
FUTSTKNAUKRI31-AUG-2023,4189.6000000,4153.5500000,4203.5500000,4153.5500000,4203.5500000,4203.5500000,0.3300000,16.0000000,900.0000000,6.0000000,3747052.5000000
FUTSTKSHREECEM29-JUN-2023,25803.6000000,25814.9500000,26001.6500000,25518.7000000,25573.6000000,25573.6000000,-0.8900000,10342.0000000,33525.0000000,1341.0000000,862448338.7500000
FUTSTKULTRACEMCO31-AUG-2023,8180.0000000,8250.0000000,8266.4500000,8217.0000000,8220.0000000,8220.0000000,0.4800000,74.0000000,1300.0000000,13.0000000,10710460.0000000
FUTSTKMARUTI31-AUG-2023,9708.6500000,9736.0000000,9736.0000000,9693.6500000,9693.6500000,9786.5500000,0.8000000,143.0000000,1400.0000000,14.0000000,13612200.0000000
FUTSTKPIIND31-AUG-2023,3692.0000000,0.0000000,0.0000000,0.0000000,,3679.6000000,-0.3300000,4.0000000,0.0000000,0.0000000,0.0000000
FUTSTKPERSISTENT29-JUN-2023,4913.7500000,4909.9500000,4934.4000000,4811.4500000,4909.9000000,4909.9000000,-0.0700000,7672.0000000,595350.0000000,3402.0000000,2908615622.5000000
FUTSTKINDUSTOWER31-AUG-2023,159.1500000,159.3000000,162.2500000,158.6000000,159.9000000,159.9000000,0.4700000,62.0000000,105400.0000000,31.0000000,16890350.0000000
FUTSTKPIIND27-JUL-2023,3673.5000000,3629.0500000,3699.4500000,3601.2000000,3658.1000000,3658.1000000,-0.4100000,78.0000000,14500.0000000,58.0000000,53071462.5000000
FUTSTKHAL31-AUG-2023,3534.9000000,3599.2500000,3787.0000000,3534.3000000,3732.4000000,3732.4000000,5.5800000,123.0000000,46500.0000000,155.0000000,171330285.0000000
FUTSTKMCX31-AUG-2023,1565.9500000,1553.1000000,1553.1000000,1553.1000000,1553.1000000,1575.0500000,0.5800000,14.0000000,400.0000000,1.0000000,621240.0000000
FUTSTKIOC31-AUG-2023,91.8000000,92.5000000,93.0500000,91.7000000,91.7000000,91.7000000,-0.1000000,49.0000000,185250.0000000,19.0000000,17114662.5000000
FUTSTKBHEL29-JUN-2023,84.6500000,84.8500000,87.1000000,83.3000000,86.2000000,86.2000000,1.8300000,9142.0000000,58884000.0000000,5608.0000000,5036369100.0000000
FUTSTKCHOLAFIN31-AUG-2023,1079.3000000,0.0000000,0.0000000,0.0000000,,1083.3000000,0.3700000,9.0000000,0.0000000,0.0000000,0.0000000
FUTSTKCANBK29-JUN-2023,313.7000000,314.1000000,314.3000000,310.5000000,311.9000000,311.9000000,-0.5700000,15484.0000000,6895800.0000000,2554.0000000,2154169620.0000000
FUTSTKINDIGO31-AUG-2023,2480.9500000,2491.1000000,2504.0000000,2474.2000000,2500.5000000,2500.5000000,0.7800000,50.0000000,2100.0000000,7.0000000,5239440.0000000
FUTSTKSBICARD27-JUL-2023,910.7500000,911.5500000,920.6000000,911.5500000,919.0500000,919.0500000,0.9100000,256.0000000,59200.0000000,74.0000000,54321360.0000000
FUTSTKPETRONET31-AUG-2023,226.4500000,224.4000000,224.4000000,224.3500000,224.3500000,226.5000000,0.0200000,37.0000000,9000.0000000,3.0000000,2019450.0000000
FUTSTKVEDL31-AUG-2023,275.4000000,274.9000000,276.5000000,274.0000000,274.5500000,274.5500000,-0.3000000,578.0000000,94000.0000000,47.0000000,25855400.0000000
FUTSTKPAGEIND31-AUG-2023,39500.0000000,39500.0000000,39600.0000000,38905.0000000,38971.4000000,38971.4000000,-1.3300000,68.0000000,135.0000000,9.0000000,5291946.7500000
FUTSTKMFSL31-AUG-2023,715.5000000,0.0000000,0.0000000,0.0000000,,697.5500000,-2.5000000,0.0000000,0.0000000,0.0000000,0.0000000
FUTSTKNESTLEIND31-AUG-2023,22517.6000000,22391.3500000,22408.0000000,22390.0000000,22390.0000000,22390.0000000,-0.5600000,14.0000000,320.0000000,8.0000000,7165574.0000000
FUTSTKBHARATFORG31-AUG-2023,820.5500000,824.0000000,824.0000000,820.0000000,820.0000000,829.0500000,1.0300000,18.0000000,4000.0000000,4.0000000,3291200.0000000
FUTSTKNAUKRI27-JUL-2023,4168.2000000,4190.0000000,4256.9500000,4126.9500000,4178.9000000,4178.9000000,0.2500000,268.0000000,41850.0000000,279.0000000,175846522.5000000
FUTSTKABBOTINDIA31-AUG-2023,22005.6500000,0.0000000,0.0000000,0.0000000,,22150.9500000,0.6600000,2.0000000,0.0000000,0.0000000,0.0000000
FUTSTKAMBUJACEM31-AUG-2023,456.8000000,458.9000000,462.6000000,458.6000000,462.6000000,463.2500000,1.4100000,50.0000000,9000.0000000,5.0000000,4144410.0000000
FUTSTKBAJFINANCE31-AUG-2023,7107.2000000,7127.0000000,7160.0000000,7107.0000000,7130.8500000,7130.8500000,0.3300000,148.0000000,1750.0000000,14.0000000,12489237.5000000
FUTIDXFINNIFTY29-AUG-2023,19557.0000000,19612.8000000,19612.8000000,19612.8000000,19612.8000000,19612.8000000,0.2800000,3.0000000,40.0000000,1.0000000,784512.0000000
FUTSTKBPCL31-AUG-2023,367.1500000,366.8000000,366.8000000,362.0000000,362.0000000,362.0000000,-1.4000000,48.0000000,16200.0000000,9.0000000,5914260.0000000
FUTSTKPOWERGRID27-JUL-2023,244.7000000,244.8500000,247.4000000,244.8000000,246.8000000,246.8000000,0.8500000,188.0000000,143100.0000000,53.0000000,35216505.0000000
FUTSTKDIVISLAB31-AUG-2023,3502.0000000,3480.5000000,3501.0000000,3450.0000000,3452.0000000,3452.0000000,-1.4200000,129.0000000,2600.0000000,13.0000000,9047160.0000000
FUTSTKVEDL29-JUN-2023,277.1000000,277.2000000,278.5000000,275.1000000,275.8000000,275.8000000,-0.4600000,25256.0000000,5398000.0000000,2699.0000000,1492371200.0000000
FUTSTKLICHSGFIN31-AUG-2023,378.0000000,377.4000000,377.4000000,369.3500000,370.0000000,370.0000000,-2.1100000,57.0000000,28000.0000000,14.0000000,10433300.0000000
FUTSTKCOALINDIA31-AUG-2023,228.9500000,229.6500000,229.7500000,228.2500000,228.4500000,228.4500000,-0.2100000,291.0000000,88200.0000000,21.0000000,20204310.0000000
FUTSTKUPL31-AUG-2023,692.5000000,691.0000000,692.9000000,681.7000000,682.0500000,682.0500000,-1.5000000,82.0000000,24700.0000000,19.0000000,16921450.0000000
FUTSTKTATASTEEL31-AUG-2023,113.2000000,113.0000000,113.0000000,110.6000000,110.7500000,110.7500000,-2.1600000,190.0000000,385000.0000000,70.0000000,42901650.0000000
FUTSTKNMDC27-JUL-2023,110.0500000,110.0000000,110.0000000,107.9000000,108.6500000,108.6500000,-1.2700000,493.0000000,612000.0000000,136.0000000,66468150.0000000
FUTIDXFINNIFTY25-JUL-2023,19548.3000000,19540.0000000,19685.2000000,19486.3500000,19516.2500000,19516.2500000,-0.1600000,38.0000000,1280.0000000,32.0000000,25053406.0000000
FUTSTKSRF31-AUG-2023,2555.8500000,2468.0000000,2468.0000000,2468.0000000,2468.0000000,2468.0000000,-3.4300000,4.0000000,375.0000000,1.0000000,925500.0000000
FUTSTKBANDHANBNK31-AUG-2023,262.7500000,265.0000000,265.0000000,259.1500000,259.4000000,259.4000000,-1.2700000,31.0000000,65000.0000000,26.0000000,16995000.0000000
FUTSTKGRASIM29-JUN-2023,1722.0500000,1725.5500000,1742.9500000,1720.1000000,1723.9500000,1723.9500000,0.1100000,24518.0000000,968050.0000000,2038.0000000,1676639158.7500000
FUTSTKCOFORGE29-JUN-2023,4387.6000000,4385.9000000,4442.0000000,4349.4500000,4423.5500000,4423.5500000,0.8100000,4559.0000000,260850.0000000,1739.0000000,1151417430.0000000
FUTSTKTRENT31-AUG-2023,1615.1000000,1628.0000000,1628.0000000,1628.0000000,1628.0000000,1624.7000000,0.5900000,23.0000000,400.0000000,1.0000000,651200.0000000
FUTSTKPOLYCAB31-AUG-2023,3570.1500000,3567.6000000,3567.6000000,3545.6000000,3545.6000000,3606.0000000,1.0000000,14.0000000,1500.0000000,5.0000000,5334180.0000000
FUTSTKOFSS31-AUG-2023,3600.2000000,3588.5500000,3602.0000000,3585.0000000,3602.0000000,3599.4000000,-0.0200000,131.0000000,1400.0000000,7.0000000,5024360.0000000
FUTSTKGLENMARK27-JUL-2023,652.1000000,649.9500000,663.0000000,640.0000000,641.7000000,641.7000000,-1.5900000,170.0000000,259550.0000000,179.0000000,168628112.5000000
FUTSTKBIOCON31-AUG-2023,244.3000000,246.0000000,247.0000000,244.6000000,244.6000000,244.6000000,0.1200000,73.0000000,45000.0000000,18.0000000,11061000.0000000
FUTSTKAPOLLOHOSP31-AUG-2023,5002.4500000,5022.4500000,5033.2000000,4951.5500000,5002.2500000,5002.2500000,0.0000000,79.0000000,2875.0000000,23.0000000,14384650.0000000
FUTSTKNATIONALUM31-AUG-2023,85.9500000,85.9000000,85.9000000,85.6000000,85.7500000,85.7000000,-0.2900000,36.0000000,127500.0000000,17.0000000,10929750.0000000
FUTSTKPAGEIND27-JUL-2023,39301.6000000,39297.1000000,39478.5000000,38700.0000000,38771.3500000,38771.3500000,-1.3400000,370.0000000,1035.0000000,69.0000000,40350651.7500000
FUTSTKDELTACORP31-AUG-2023,238.7000000,242.4000000,249.4500000,242.4000000,245.9500000,245.9500000,3.0300000,22.0000000,14000.0000000,5.0000000,3423980.0000000
FUTSTKBHARATFORG29-JUN-2023,821.4000000,823.7500000,824.3000000,813.9500000,817.8000000,817.8000000,-0.4300000,8174.0000000,2245000.0000000,2245.0000000,1838012400.0000000
FUTSTKCANFINHOME31-AUG-2023,750.2000000,747.0000000,747.0000000,747.0000000,747.0000000,754.0500000,0.5100000,5.0000000,975.0000000,1.0000000,728325.0000000
FUTSTKAXISBANK27-JUL-2023,971.5000000,973.4500000,983.5000000,972.1500000,978.8000000,978.8000000,0.7500000,2640.0000000,560625.0000000,897.0000000,548788093.7500000
FUTSTKBOSCHLTD29-JUN-2023,18846.0500000,18888.8000000,18933.1500000,18808.0000000,18854.0500000,18854.0500000,0.0400000,2544.0000000,13900.0000000,278.0000000,262313202.5000000
FUTSTKABFRL31-AUG-2023,205.2500000,205.0000000,205.2500000,202.0000000,202.1000000,202.1000000,-1.5300000,121.0000000,57200.0000000,22.0000000,11650860.0000000
FUTSTKINDHOTEL31-AUG-2023,387.2500000,391.0000000,391.0000000,388.1000000,389.5000000,388.2500000,0.2500000,51.0000000,8000.0000000,4.0000000,3114300.0000000
FUTSTKSHRIRAMFIN31-AUG-2023,1434.4500000,1442.8500000,1443.0000000,1434.5000000,1434.5000000,1440.6000000,0.4200000,15.0000000,3600.0000000,6.0000000,5189520.0000000
FUTSTKCUB31-AUG-2023,127.0000000,126.6000000,127.3000000,125.8500000,125.9500000,125.9500000,-0.8200000,396.0000000,200000.0000000,40.0000000,25263500.0000000
FUTSTKAARTIIND31-AUG-2023,522.0500000,520.0500000,520.0500000,520.0500000,520.0500000,514.8500000,-1.3700000,36.0000000,4000.0000000,4.0000000,2080200.0000000
FUTSTKTATAPOWER29-JUN-2023,222.0000000,222.9500000,225.2500000,220.7000000,221.9000000,221.9000000,-0.0400000,23481.0000000,16122375.0000000,4777.0000000,3587787506.2500000
FUTSTKJSWSTEEL31-AUG-2023,758.9000000,764.5000000,764.5000000,756.0000000,758.7500000,758.7500000,-0.0100000,25.0000000,6750.0000000,5.0000000,5123587.5000000
FUTSTKLTIM31-AUG-2023,4822.5000000,4842.0000000,4845.3500000,4842.0000000,4844.5500000,4902.6500000,1.6600000,36.0000000,600.0000000,4.0000000,2906085.0000000
FUTSTKBOSCHLTD27-JUL-2023,18677.1500000,18739.4000000,18750.0000000,18667.0500000,18696.8500000,18696.8500000,0.1000000,232.0000000,2400.0000000,48.0000000,44897810.0000000
FUTSTKRECLTD31-AUG-2023,148.2500000,147.4000000,150.4500000,147.4000000,150.0500000,150.0500000,1.2100000,33.0000000,168000.0000000,21.0000000,25078400.0000000
FUTSTKBAJAJFINSV31-AUG-2023,1495.9500000,1495.9500000,1498.0000000,1489.5500000,1491.1000000,1491.1000000,-0.3200000,59.0000000,5500.0000000,11.0000000,8207975.0000000
FUTSTKBANKBARODA29-JUN-2023,188.3000000,188.6500000,188.6500000,184.7500000,185.7500000,185.7500000,-1.3500000,15875.0000000,18924750.0000000,3235.0000000,3530031862.5000000
FUTSTKLTTS31-AUG-2023,3779.0500000,3782.0000000,3782.0000000,3782.0000000,3782.0000000,3871.2500000,2.4300000,41.0000000,200.0000000,1.0000000,756400.0000000
FUTSTKBALKRISIND29-JUN-2023,2280.0000000,2264.3000000,2293.6500000,2252.6000000,2271.6500000,2271.6500000,-0.3600000,5873.0000000,299700.0000000,999.0000000,681695325.0000000
FUTSTKATUL31-AUG-2023,6918.9500000,6782.5000000,6782.5000000,6713.0000000,6713.0000000,6843.3000000,-1.0900000,23.0000000,150.0000000,2.0000000,1012162.5000000
FUTSTKPVRINOX29-JUN-2023,1434.2000000,1436.2500000,1442.0000000,1410.2000000,1417.2500000,1417.2500000,-1.1800000,7769.0000000,579568.0000000,1424.0000000,826118832.0000000
FUTSTKTATACONSUM31-AUG-2023,820.5500000,816.0000000,816.0000000,816.0000000,816.0000000,816.0000000,-0.5500000,4.0000000,900.0000000,1.0000000,734400.0000000
FUTSTKDIXON31-AUG-2023,4062.6500000,4100.0000000,4111.0000000,4051.0500000,4062.1000000,4141.5500000,1.9400000,34.0000000,2400.0000000,12.0000000,9763610.0000000
FUTSTKADANIENT31-AUG-2023,2480.2000000,2480.6500000,2502.0000000,2478.4000000,2494.0500000,2494.0500000,0.5500000,107.0000000,3600.0000000,12.0000000,8977710.0000000
FUTSTKCIPLA31-AUG-2023,981.5000000,975.9500000,975.9500000,973.1000000,973.1000000,985.2500000,0.3800000,17.0000000,4550.0000000,7.0000000,4431375.0000000
FUTSTKHDFCAMC31-AUG-2023,1952.4500000,1904.0000000,1914.4000000,1896.9500000,1902.1500000,1902.1500000,-2.5700000,112.0000000,12900.0000000,43.0000000,24585120.0000000
FUTSTKBALRAMCHIN31-AUG-2023,402.1500000,420.3500000,420.3500000,410.0000000,412.0000000,412.0000000,2.4400000,15.0000000,9600.0000000,6.0000000,3974000.0000000
FUTSTKICICIPRULI29-JUN-2023,513.5000000,507.3500000,512.9000000,496.5500000,497.6000000,497.6000000,-3.0900000,7205.0000000,4513500.0000000,3009.0000000,2268316350.0000000
FUTSTKBOSCHLTD31-AUG-2023,19079.5000000,0.0000000,0.0000000,0.0000000,,19068.0000000,-0.0600000,2.0000000,0.0000000,0.0000000,0.0000000
FUTSTKBRITANNIA31-AUG-2023,4930.8000000,4980.0000000,5010.0000000,4902.0000000,4924.2500000,4924.2500000,-0.1300000,37.0000000,6000.0000000,30.0000000,29706510.0000000
FUTSTKNAVINFLUOR31-AUG-2023,4657.6500000,0.0000000,0.0000000,0.0000000,,4532.3000000,-2.6900000,12.0000000,0.0000000,0.0000000,0.0000000
FUTSTKMPHASIS31-AUG-2023,1872.3000000,1865.0000000,1876.0000000,1863.0000000,1867.4500000,1867.4500000,-0.2500000,76.0000000,1925.0000000,7.0000000,3596161.2500000
FUTSTKNMDC31-AUG-2023,110.4500000,109.2000000,109.7500000,109.0000000,109.4500000,109.3500000,-0.9900000,131.0000000,90000.0000000,20.0000000,9848475.0000000
FUTSTKMCDOWELL-N31-AUG-2023,885.6000000,894.9000000,894.9000000,894.9000000,894.9000000,902.8500000,1.9400000,2.0000000,700.0000000,1.0000000,626430.0000000
FUTSTKGMRINFRA31-AUG-2023,42.9000000,42.6500000,43.1000000,42.6500000,43.1000000,43.0500000,0.3400000,29.0000000,135000.0000000,6.0000000,5791500.0000000
FUTSTKASIANPAINT31-AUG-2023,3265.8000000,3270.0000000,3279.0000000,3225.3500000,3237.5000000,3237.5000000,-0.8600000,92.0000000,5200.0000000,26.0000000,16891600.0000000
FUTSTKDALBHARAT31-AUG-2023,2163.7000000,2145.0000000,2160.8500000,2140.0000000,2140.0000000,2130.3000000,-1.5400000,4.0000000,2000.0000000,4.0000000,4292925.0000000
FUTSTKPOWERGRID31-AUG-2023,245.2500000,245.4500000,248.0000000,245.3000000,248.0000000,248.9500000,1.5000000,44.0000000,16200.0000000,6.0000000,3990870.0000000
FUTSTKABCAPITAL31-AUG-2023,174.8500000,176.2000000,177.3000000,176.2000000,177.3000000,176.8500000,1.1400000,6.0000000,10800.0000000,2.0000000,1908900.0000000
FUTSTKIEX31-AUG-2023,138.0500000,130.0000000,132.0000000,117.3500000,124.1500000,124.1500000,-10.0600000,655.0000000,3078750.0000000,821.0000000,381904875.0000000
FUTSTKPIDILITIND27-JUL-2023,2653.1500000,2650.0000000,2665.8500000,2637.0000000,2637.4000000,2637.4000000,-0.5900000,143.0000000,7500.0000000,30.0000000,19856875.0000000
FUTSTKL&TFH29-JUN-2023,105.9500000,105.7000000,107.1500000,105.3500000,105.8000000,105.8000000,-0.1400000,8922.0000000,11770756.0000000,1319.0000000,1249339028.6900900
FUTSTKGNFC31-AUG-2023,587.3500000,588.0000000,588.0000000,574.0000000,574.0000000,574.0000000,-2.2700000,28.0000000,9100.0000000,7.0000000,5258435.0000000
FUTSTKINDIAMART31-AUG-2023,5629.3000000,5585.7000000,5585.7000000,5585.7000000,5585.7000000,5680.1500000,0.9000000,16.0000000,150.0000000,1.0000000,837855.0000000
FUTSTKHAVELLS31-AUG-2023,1378.0500000,1380.0000000,1380.0000000,1378.0000000,1378.0000000,1368.0500000,-0.7200000,23.0000000,1000.0000000,2.0000000,1379000.0000000
FUTSTKKOTAKBANK27-JUL-2023,1893.1500000,1883.9000000,1915.0000000,1868.6500000,1891.2500000,1891.2500000,-0.1000000,2238.0000000,653600.0000000,1634.0000000,1239078340.0000000
FUTSTKTATAPOWER31-AUG-2023,225.4500000,225.7500000,226.5000000,224.0000000,225.0000000,225.0000000,-0.1900000,228.0000000,195750.0000000,58.0000000,44085600.0000000
FUTSTKHCLTECH31-AUG-2023,1134.7000000,1132.8000000,1133.7500000,1120.0000000,1120.2500000,1120.2500000,-1.2700000,26.0000000,8400.0000000,12.0000000,9457490.0000000
FUTSTKSHREECEM31-AUG-2023,25700.0000000,25846.6000000,25846.6000000,25679.3000000,25679.3000000,25867.5500000,0.6500000,15.0000000,100.0000000,4.0000000,2579937.5000000
FUTSTKSBIN31-AUG-2023,598.9000000,598.0500000,598.0500000,587.2500000,589.3500000,589.3500000,-1.5900000,281.0000000,240000.0000000,160.0000000,142011525.0000000
FUTSTKPNB31-AUG-2023,52.2500000,52.2500000,52.3000000,51.4500000,51.5000000,51.5000000,-1.4300000,124.0000000,1040000.0000000,65.0000000,54035200.0000000
FUTSTKSAIL31-AUG-2023,85.2500000,84.2000000,84.5000000,83.4000000,83.9000000,83.9000000,-1.5800000,62.0000000,152000.0000000,19.0000000,12771200.0000000
FUTSTKAUROPHARMA31-AUG-2023,679.6500000,675.0000000,675.0000000,675.0000000,675.0000000,680.4500000,0.1100000,30.0000000,3300.0000000,3.0000000,2227500.0000000
FUTSTKINDUSINDBK31-AUG-2023,1322.0000000,1322.0000000,1353.0000000,1322.0000000,1345.5500000,1345.5500000,1.7800000,96.0000000,33000.0000000,66.0000000,44421150.0000000
FUTSTKPERSISTENT31-AUG-2023,4895.3500000,4875.1000000,4893.4000000,4857.0000000,4888.8000000,4888.8000000,-0.1300000,57.0000000,1575.0000000,9.0000000,7682325.0000000
FUTSTKGODREJCP31-AUG-2023,1075.6000000,1076.5000000,1076.5000000,1055.0000000,1055.0000000,1052.4500000,-2.1500000,4.0000000,2000.0000000,2.0000000,2131500.0000000
FUTSTKHINDPETRO31-AUG-2023,270.1500000,269.8000000,271.1000000,265.9000000,266.4000000,266.4000000,-1.3800000,18.0000000,24300.0000000,9.0000000,6517665.0000000
FUTSTKTATACONSUM27-JUL-2023,815.7000000,815.6500000,818.0000000,807.0000000,809.5000000,809.5000000,-0.7600000,845.0000000,376200.0000000,418.0000000,305194860.0000000
FUTSTKM&M27-JUL-2023,1380.1000000,1375.2500000,1383.4000000,1363.0000000,1369.1500000,1369.1500000,-0.7900000,549.0000000,135100.0000000,193.0000000,184870665.0000000
FUTSTKCOLPAL31-AUG-2023,1648.3000000,0.0000000,0.0000000,0.0000000,,1622.9000000,-1.5400000,1.0000000,0.0000000,0.0000000,0.0000000
FUTSTKMANAPPURAM31-AUG-2023,114.4500000,115.0000000,118.4000000,115.0000000,118.4000000,119.2000000,4.1500000,70.0000000,84000.0000000,14.0000000,9780900.0000000
FUTSTKCOROMANDEL31-AUG-2023,961.6500000,0.0000000,0.0000000,0.0000000,,947.2000000,-1.5000000,9.0000000,0.0000000,0.0000000,0.0000000
FUTSTKDABUR31-AUG-2023,559.0000000,558.2000000,558.2000000,558.2000000,558.2000000,559.0500000,0.0000000,10.0000000,1250.0000000,1.0000000,697750.0000000
FUTSTKGRANULES31-AUG-2023,283.1500000,283.5000000,283.7000000,281.5000000,281.5000000,281.9000000,-0.4400000,45.0000000,16000.0000000,8.0000000,4519900.0000000
FUTSTKCOLPAL27-JUL-2023,1637.6500000,1637.2500000,1639.1000000,1612.4500000,1614.8500000,1614.8500000,-1.3900000,66.0000000,14000.0000000,40.0000000,22696555.0000000
FUTIDXBANKNIFTY31-AUG-2023,44466.8500000,44589.8500000,45689.0000000,44345.0000000,44420.7500000,44420.7500000,-0.1000000,3451.0000000,63045.0000000,4203.0000000,2806183396.5000000
FUTSTKHINDCOPPER31-AUG-2023,115.3500000,115.0000000,115.0000000,114.4000000,114.4000000,114.6500000,-0.6000000,30.0000000,15900.0000000,3.0000000,1825320.0000000
FUTSTKDRREDDY31-AUG-2023,4726.9000000,4726.7000000,4726.7000000,4710.0000000,4710.0000000,4743.8000000,0.3500000,29.0000000,875.0000000,7.0000000,4131868.7500000
FUTSTKABB31-AUG-2023,4144.5500000,4159.8000000,4166.0000000,4130.7000000,4160.0000000,4219.6000000,1.8100000,19.0000000,1250.0000000,5.0000000,5193800.0000000
FUTSTKZEEL31-AUG-2023,199.9500000,199.9000000,199.9000000,197.3000000,197.4500000,197.4500000,-1.2500000,87.0000000,27000.0000000,9.0000000,5345400.0000000
FUTSTKBERGEPAINT31-AUG-2023,661.1500000,656.3000000,656.3000000,656.3000000,656.3000000,658.4000000,-0.4100000,37.0000000,1100.0000000,1.0000000,721930.0000000
FUTSTKACC27-JUL-2023,1842.9000000,1845.8000000,1853.9000000,1836.5000000,1846.2500000,1846.2500000,0.1800000,728.0000000,48900.0000000,163.0000000,90293010.0000000
FUTSTKKOTAKBANK31-AUG-2023,1907.3000000,1897.2000000,1927.9500000,1896.0500000,1904.0000000,1904.0000000,-0.1700000,558.0000000,40000.0000000,100.0000000,76190120.0000000
FUTSTKINFY31-AUG-2023,1308.2500000,1303.7500000,1305.0000000,1285.9000000,1287.7000000,1287.7000000,-1.5700000,1323.0000000,148800.0000000,372.0000000,192144300.0000000
FUTSTKHAL29-JUN-2023,3514.9000000,3551.9500000,3777.8500000,3501.2500000,3721.5500000,3721.5500000,5.8700000,13599.0000000,9771300.0000000,32571.0000000,35641538100.0000000
FUTSTKICICIBANK31-AUG-2023,946.6500000,945.0000000,949.4000000,945.0000000,947.3000000,947.3000000,0.0600000,271.0000000,21700.0000000,31.0000000,20562220.0000000
FUTSTKOBEROIRLTY31-AUG-2023,983.2000000,0.0000000,0.0000000,0.0000000,,981.8000000,-0.1400000,0.0000000,0.0000000,0.0000000,0.0000000
FUTSTKJKCEMENT31-AUG-2023,3294.8000000,0.0000000,0.0000000,0.0000000,,3280.7500000,-0.4200000,2.0000000,0.0000000,0.0000000,0.0000000
FUTSTKIDFC31-AUG-2023,102.4500000,0.0000000,0.0000000,0.0000000,,103.0500000,0.5800000,4.0000000,0.0000000,0.0000000,0.0000000
FUTSTKCHOLAFIN29-JUN-2023,1065.7500000,1066.5500000,1075.9500000,1063.2000000,1069.0000000,1069.0000000,0.3000000,8562.0000000,1186250.0000000,949.0000000,1269809375.0000000
FUTSTKEICHERMOT29-JUN-2023,3643.6500000,3649.0000000,3665.2000000,3595.5500000,3600.9500000,3600.9500000,-1.1700000,21029.0000000,680050.0000000,3886.0000000,2463444550.0000000
FUTSTKINTELLECT27-JUL-2023,578.9000000,580.0000000,588.9500000,576.7000000,581.5000000,581.5000000,0.4400000,84.0000000,106600.0000000,82.0000000,61935315.0000000
FUTSTKADANIPORTS27-JUL-2023,741.6000000,744.5000000,746.7000000,736.4000000,739.2000000,739.2000000,-0.3200000,1418.0000000,204000.0000000,255.0000000,151026480.0000000
FUTSTKUBL31-AUG-2023,1505.2500000,1486.0000000,1493.0000000,1486.0000000,1493.0000000,1501.6500000,-0.2300000,13.0000000,2000.0000000,5.0000000,2982720.0000000
FUTSTKINDIGO29-JUN-2023,2451.2500000,2453.6500000,2490.4500000,2453.2500000,2473.1000000,2473.1000000,0.8900000,10756.0000000,775500.0000000,2585.0000000,1919810355.0000000
FUTSTKVOLTAS31-AUG-2023,813.7000000,814.0000000,814.0000000,790.0000000,791.0000000,791.0000000,-2.7800000,207.0000000,36600.0000000,61.0000000,29260080.0000000
FUTSTKITC29-JUN-2023,445.4500000,439.4000000,446.8000000,439.3000000,440.8500000,440.8500000,-1.0300000,40828.0000000,7422400.0000000,4639.0000000,3285558400.0000000
FUTSTKSHREECEM27-JUL-2023,25794.7000000,25935.0000000,25935.0000000,25515.8000000,25550.6000000,25550.6000000,-0.9400000,339.0000000,3525.0000000,141.0000000,91058405.0000000
FUTSTKMGL31-AUG-2023,1046.9500000,0.0000000,0.0000000,0.0000000,,1042.1500000,-0.4500000,5.0000000,0.0000000,0.0000000,0.0000000
FUTSTKEICHERMOT31-AUG-2023,3718.3500000,3643.0000000,3643.0000000,3643.0000000,3643.0000000,3640.3500000,-2.0900000,12.0000000,175.0000000,1.0000000,637525.0000000
FUTIDXNIFTY31-AUG-2023,18881.8000000,18915.0000000,18975.3000000,18806.0000000,18815.9500000,18815.9500000,-0.3400000,5005.0000000,106250.0000000,2125.0000000,2002517832.5000000
FUTSTKCROMPTON31-AUG-2023,283.3500000,280.5000000,280.5000000,278.0000000,278.0000000,279.8000000,-1.2500000,36.0000000,3600.0000000,2.0000000,1005300.0000000
FUTSTKGRASIM31-AUG-2023,1739.7500000,1755.0000000,1758.0000000,1755.0000000,1758.0000000,1744.0500000,0.2400000,20.0000000,950.0000000,2.0000000,1668675.0000000
FUTSTKGODREJPROP31-AUG-2023,1448.4500000,0.0000000,0.0000000,0.0000000,,1453.5000000,0.3400000,1.0000000,0.0000000,0.0000000,0.0000000
FUTSTKTATAPOWER27-JUL-2023,223.5000000,226.0500000,226.3500000,222.3000000,223.5000000,223.5000000,0.0000000,1651.0000000,1417500.0000000,420.0000000,317732287.5000000
FUTSTKIBULHSGFIN31-AUG-2023,113.4500000,0.0000000,0.0000000,0.0000000,,111.7500000,-1.4900000,75.0000000,0.0000000,0.0000000,0.0000000
FUTSTKNAUKRI29-JUN-2023,4142.9000000,4172.9000000,4237.9000000,4098.0500000,4152.8000000,4152.8000000,0.2300000,11984.0000000,527000.0000000,4216.0000000,2200307918.7500000
FUTSTKALKEM31-AUG-2023,3499.4500000,0.0000000,0.0000000,0.0000000,,3470.7500000,-0.8200000,25.0000000,0.0000000,0.0000000,0.0000000
FUTSTKMARICO31-AUG-2023,554.5500000,539.8500000,539.8500000,539.8500000,539.8500000,542.0000000,-2.2600000,3.0000000,1200.0000000,1.0000000,647820.0000000
FUTSTKPNB27-JUL-2023,51.9000000,51.8500000,51.9500000,51.1000000,51.2000000,51.2000000,-1.3400000,917.0000000,4960000.0000000,310.0000000,255296800.0000000
FUTSTKNATIONALUM27-JUL-2023,85.3000000,85.5500000,86.1000000,84.7000000,85.1000000,85.1000000,-0.2300000,205.0000000,982500.0000000,131.0000000,83791500.0000000
FUTSTKBEL31-AUG-2023,119.0000000,118.3500000,122.8000000,118.3500000,121.9000000,121.9000000,2.4300000,44.0000000,142500.0000000,25.0000000,17335980.0000000
FUTSTKMUTHOOTFIN29-JUN-2023,1127.5000000,1129.7000000,1137.3500000,1112.6000000,1119.7500000,1119.7500000,-0.6800000,9431.0000000,699600.0000000,1272.0000000,786190982.5000000
FUTSTKBANKBARODA31-AUG-2023,190.5500000,190.4500000,190.4500000,187.8000000,188.1000000,188.1000000,-1.2800000,32.0000000,134550.0000000,23.0000000,25454812.5000000
FUTSTKDLF31-AUG-2023,490.5000000,492.5000000,495.1500000,489.0000000,490.3500000,490.3500000,-0.0300000,138.0000000,47850.0000000,29.0000000,23547727.5000000
